id,name,empl_id,project,process,sub_process,date,status,start_time,end_time,total_time,comments
18,cymCBJO38xIzIsTFYUobKw==,eztE1a3SRDTFBFR9G9Y3yw==,+vCD8kqWx0rqO+6MvfNSZA==,snevsHZq1Qk/qasKhwTrjQ==,yuOtuXbHx/x4DiseZsOR4g==,12-Mar-18,System Locked,3/12/2018 1:42:55 PM,3/12/2018 2:09:08 PM,26.22,
12,cymCBJO38xIzIsTFYUobKw==,eztE1a3SRDTFBFR9G9Y3yw==,+vCD8kqWx0rqO+6MvfNSZA==,snevsHZq1Qk/qasKhwTrjQ==,yuOtuXbHx/x4DiseZsOR4g==,12-Mar-18,Break,3/12/2018 12:23:08 PM,3/12/2018 12:23:14 PM,0.08,
14,cymCBJO38xIzIsTFYUobKw==,eztE1a3SRDTFBFR9G9Y3yw==,+vCD8kqWx0rqO+6MvfNSZA==,snevsHZq1Qk/qasKhwTrjQ==,yuOtuXbHx/x4DiseZsOR4g==,12-Mar-18,Break,3/12/2018 12:51:53 PM,3/12/2018 12:51:55 PM,0.03,
15,cymCBJO38xIzIsTFYUobKw==,eztE1a3SRDTFBFR9G9Y3yw==,+vCD8kqWx0rqO+6MvfNSZA==,snevsHZq1Qk/qasKhwTrjQ==,yuOtuXbHx/x4DiseZsOR4g==,12-Mar-18,Break,3/12/2018 1:18:43 PM,3/12/2018 1:19:20 PM,20.62,
16,cymCBJO38xIzIsTFYUobKw==,eztE1a3SRDTFBFR9G9Y3yw==,+vCD8kqWx0rqO+6MvfNSZA==,snevsHZq1Qk/qasKhwTrjQ==,yuOtuXbHx/x4DiseZsOR4g==,12-Mar-18,Break,3/12/2018 1:28:14 PM,3/12/2018 1:29:10 PM,0.92,
19,vq20lzyItQbwsYRbon9inw==,eztE1a3SRDTFBFR9G9Y3yw==,+vCD8kqWx0rqO+6MvfNSZA==,snevsHZq1Qk/qasKhwTrjQ==,yuOtuXbHx/x4DiseZsOR4g==,12-Mar-18,System Locked,3/13/2018 12:14:10 PM,3/13/2018 12:41:07 PM,26.95,
20,vq20lzyItQbwsYRbon9inw==,eztE1a3SRDTFBFR9G9Y3yw==,+vCD8kqWx0rqO+6MvfNSZA==,snevsHZq1Qk/qasKhwTrjQ==,yuOtuXbHx/x4DiseZsOR4g==,13-Mar-18,Break,3/13/2018 12:58:35 PM,3/13/2018 12:58:52 PM,0.27,
21,vq20lzyItQbwsYRbon9inw==,eztE1a3SRDTFBFR9G9Y3yw==,+vCD8kqWx0rqO+6MvfNSZA==,snevsHZq1Qk/qasKhwTrjQ==,yuOtuXbHx/x4DiseZsOR4g==,13-Mar-18,Break,3/13/2018 1:00:49 PM,3/13/2018 1:01:21 PM,0.52,
22,vq20lzyItQbwsYRbon9inw==,eztE1a3SRDTFBFR9G9Y3yw==,+vCD8kqWx0rqO+6MvfNSZA==,snevsHZq1Qk/qasKhwTrjQ==,yuOtuXbHx/x4DiseZsOR4g==,13-Mar-18,Break,3/13/2018 1:21:00 PM,3/13/2018 1:21:05 PM,0.08,
23,vq20lzyItQbwsYRbon9inw==,eztE1a3SRDTFBFR9G9Y3yw==,+vCD8kqWx0rqO+6MvfNSZA==,snevsHZq1Qk/qasKhwTrjQ==,yuOtuXbHx/x4DiseZsOR4g==,13-Mar-18,Break,3/13/2018 1:22:36 PM,3/13/2018 1:22:42 PM,0.08,
24,vq20lzyItQbwsYRbon9inw==,eztE1a3SRDTFBFR9G9Y3yw==,+vCD8kqWx0rqO+6MvfNSZA==,snevsHZq1Qk/qasKhwTrjQ==,yuOtuXbHx/x4DiseZsOR4g==,13-Mar-18,Break,3/13/2018 1:22:44 PM,3/13/2018 1:23:07 PM,0.37,
25,vq20lzyItQbwsYRbon9inw==,eztE1a3SRDTFBFR9G9Y3yw==,+vCD8kqWx0rqO+6MvfNSZA==,snevsHZq1Qk/qasKhwTrjQ==,yuOtuXbHx/x4DiseZsOR4g==,13-Mar-18,Break,3/13/2018 1:23:08 PM,3/13/2018 1:23:29 PM,0.33,
26,vq20lzyItQbwsYRbon9inw==,eztE1a3SRDTFBFR9G9Y3yw==,+vCD8kqWx0rqO+6MvfNSZA==,snevsHZq1Qk/qasKhwTrjQ==,yuOtuXbHx/x4DiseZsOR4g==,13-Mar-18,Break,3/13/2018 1:23:32 PM,3/13/2018 1:24:27 PM,0.92,
27,vq20lzyItQbwsYRbon9inw==,eztE1a3SRDTFBFR9G9Y3yw==,+vCD8kqWx0rqO+6MvfNSZA==,snevsHZq1Qk/qasKhwTrjQ==,yuOtuXbHx/x4DiseZsOR4g==,13-Mar-18,Break,3/13/2018 1:24:44 PM,3/13/2018 1:26:03 PM,1.32,
28,vq20lzyItQbwsYRbon9inw==,eztE1a3SRDTFBFR9G9Y3yw==,+vCD8kqWx0rqO+6MvfNSZA==,snevsHZq1Qk/qasKhwTrjQ==,yuOtuXbHx/x4DiseZsOR4g==,13-Mar-18,Break,3/13/2018 1:32:35 PM,3/13/2018 1:35:22 PM,2.78,
29,vq20lzyItQbwsYRbon9inw==,eztE1a3SRDTFBFR9G9Y3yw==,+vCD8kqWx0rqO+6MvfNSZA==,snevsHZq1Qk/qasKhwTrjQ==,yuOtuXbHx/x4DiseZsOR4g==,13-Mar-18,Break,3/13/2018 1:41:43 PM,3/13/2018 1:41:48 PM,0.08,
30,vq20lzyItQbwsYRbon9inw==,eztE1a3SRDTFBFR9G9Y3yw==,+vCD8kqWx0rqO+6MvfNSZA==,snevsHZq1Qk/qasKhwTrjQ==,yuOtuXbHx/x4DiseZsOR4g==,13-Mar-18,Break,3/13/2018 1:41:50 PM,3/13/2018 1:42:19 PM,0.48,
37,vq20lzyItQbwsYRbon9inw==,eztE1a3SRDTFBFR9G9Y3yw==,+vCD8kqWx0rqO+6MvfNSZA==,snevsHZq1Qk/qasKhwTrjQ==,yuOtuXbHx/x4DiseZsOR4g==,13-Mar-18,Break,3/13/2018 4:12:50 PM,3/13/2018 4:13:59 PM,1.13,
38,vq20lzyItQbwsYRbon9inw==,eztE1a3SRDTFBFR9G9Y3yw==,+vCD8kqWx0rqO+6MvfNSZA==,snevsHZq1Qk/qasKhwTrjQ==,yuOtuXbHx/x4DiseZsOR4g==,13-Mar-18,Break,3/13/2018 4:27:00 PM,3/13/2018 4:27:31 PM,0.52,
39,vq20lzyItQbwsYRbon9inw==,eztE1a3SRDTFBFR9G9Y3yw==,+vCD8kqWx0rqO+6MvfNSZA==,snevsHZq1Qk/qasKhwTrjQ==,yuOtuXbHx/x4DiseZsOR4g==,13-Mar-18,Break,3/13/2018 4:27:32 PM,3/13/2018 4:27:57 PM,0.4,
40,vq20lzyItQbwsYRbon9inw==,eztE1a3SRDTFBFR9G9Y3yw==,+vCD8kqWx0rqO+6MvfNSZA==,snevsHZq1Qk/qasKhwTrjQ==,yuOtuXbHx/x4DiseZsOR4g==,13-Mar-18,Break,3/13/2018 4:27:58 PM,3/13/2018 4:28:05 PM,0.12,
41,vq20lzyItQbwsYRbon9inw==,eztE1a3SRDTFBFR9G9Y3yw==,+vCD8kqWx0rqO+6MvfNSZA==,snevsHZq1Qk/qasKhwTrjQ==,yuOtuXbHx/x4DiseZsOR4g==,13-Mar-18,System Locked,3/13/2018 5:00:49 PM,3/13/2018 5:00:50 PM,0.02,
42,vq20lzyItQbwsYRbon9inw==,eztE1a3SRDTFBFR9G9Y3yw==,+vCD8kqWx0rqO+6MvfNSZA==,snevsHZq1Qk/qasKhwTrjQ==,yuOtuXbHx/x4DiseZsOR4g==,13-Mar-18,System Locked,3/13/2018 5:03:31 PM,3/13/2018 5:05:14 PM,1.72,
43,u+hHHgsk7vXxk+pEpY5n/Q==,iDLGelE+x5b0qB63iEpffA==,+vCD8kqWx0rqO+6MvfNSZA==,snevsHZq1Qk/qasKhwTrjQ==,oFX4W+50tGaQWTDJ8JXpEw==,13-Mar-18,System Locked,13-03-2018 16:21:12,13-03-2018 17:07:01,45.8,
44,CGPRAHn2jx3zh/vsrZdSHA==,BMXraUrJlWC7VDm9TGmr1g==,+vCD8kqWx0rqO+6MvfNSZA==,snevsHZq1Qk/qasKhwTrjQ==,oFX4W+50tGaQWTDJ8JXpEw==,13-Mar-18,System Locked,3/13/2018 4:19:21 PM,3/13/2018 5:07:48 PM,48.43,
45,T4tv8n9icJz201/URnYfyw==,SnfemQpuaa7NRov7sMlN1A==,+vCD8kqWx0rqO+6MvfNSZA==,snevsHZq1Qk/qasKhwTrjQ==,oFX4W+50tGaQWTDJ8JXpEw==,13-Mar-18,System Locked,13-03-2018 17:08:55,13-03-2018 17:08:58,0.05,
31,vq20lzyItQbwsYRbon9inw==,eztE1a3SRDTFBFR9G9Y3yw==,+vCD8kqWx0rqO+6MvfNSZA==,snevsHZq1Qk/qasKhwTrjQ==,yuOtuXbHx/x4DiseZsOR4g==,12-Mar-18,Break,3/13/2018 1:42:20 PM,3/13/2018 1:43:49 PM,1.47,
32,vq20lzyItQbwsYRbon9inw==,eztE1a3SRDTFBFR9G9Y3yw==,+vCD8kqWx0rqO+6MvfNSZA==,snevsHZq1Qk/qasKhwTrjQ==,yuOtuXbHx/x4DiseZsOR4g==,12-Mar-18,Break,3/13/2018 3:56:56 PM,3/13/2018 4:00:09 PM,3.22,
33,vq20lzyItQbwsYRbon9inw==,eztE1a3SRDTFBFR9G9Y3yw==,+vCD8kqWx0rqO+6MvfNSZA==,snevsHZq1Qk/qasKhwTrjQ==,yuOtuXbHx/x4DiseZsOR4g==,12-Mar-18,Break,3/13/2018 4:00:51 PM,3/13/2018 4:04:49 PM,3.97,
34,ckmT4R9WVWB26monU3MHNw==,WzzOoD5iW8LNLWYNV7IiUA==,+vCD8kqWx0rqO+6MvfNSZA==,snevsHZq1Qk/qasKhwTrjQ==,yuOtuXbHx/x4DiseZsOR4g==,12-Mar-18,System Locked,13-Mar-18 4:07:08 PM,13-Mar-18 4:07:14 PM,0.1,
35,ckmT4R9WVWB26monU3MHNw==,WzzOoD5iW8LNLWYNV7IiUA==,+vCD8kqWx0rqO+6MvfNSZA==,snevsHZq1Qk/qasKhwTrjQ==,yuOtuXbHx/x4DiseZsOR4g==,12-Mar-18,System Locked,13-Mar-18 4:07:08 PM,13-Mar-18 4:07:14 PM,0.1,
36,vq20lzyItQbwsYRbon9inw==,eztE1a3SRDTFBFR9G9Y3yw==,+vCD8kqWx0rqO+6MvfNSZA==,snevsHZq1Qk/qasKhwTrjQ==,yuOtuXbHx/x4DiseZsOR4g==,12-Mar-18,Break,3/13/2018 4:12:03 PM,3/13/2018 4:12:48 PM,0.73,
13,cymCBJO38xIzIsTFYUobKw==,eztE1a3SRDTFBFR9G9Y3yw==,+vCD8kqWx0rqO+6MvfNSZA==,snevsHZq1Qk/qasKhwTrjQ==,yuOtuXbHx/x4DiseZsOR4g==,12-Mar-18,System Locked,3/12/2018 12:25:11 PM,3/12/2018 12:50:54 PM,25.72,
50,u+hHHgsk7vXxk+pEpY5n/Q==,iDLGelE+x5b0qB63iEpffA==,+vCD8kqWx0rqO+6MvfNSZA==,snevsHZq1Qk/qasKhwTrjQ==,oFX4W+50tGaQWTDJ8JXpEw==,13-Mar-18,System Locked,13-03-2018 18:10:24,13-03-2018 18:28:38,18.22,
46,ckmT4R9WVWB26monU3MHNw==,WzzOoD5iW8LNLWYNV7IiUA==,+vCD8kqWx0rqO+6MvfNSZA==,snevsHZq1Qk/qasKhwTrjQ==,yuOtuXbHx/x4DiseZsOR4g==,13-Mar-18,System Locked,13-Mar-18 5:20:02 PM,13-Mar-18 5:20:08 PM,0.08,
47,ckmT4R9WVWB26monU3MHNw==,WzzOoD5iW8LNLWYNV7IiUA==,+vCD8kqWx0rqO+6MvfNSZA==,snevsHZq1Qk/qasKhwTrjQ==,yuOtuXbHx/x4DiseZsOR4g==,13-Mar-18,System Locked,13-Mar-18 5:20:03 PM,13-Mar-18 5:20:08 PM,0.07,
52,ckmT4R9WVWB26monU3MHNw==,WzzOoD5iW8LNLWYNV7IiUA==,+vCD8kqWx0rqO+6MvfNSZA==,snevsHZq1Qk/qasKhwTrjQ==,yuOtuXbHx/x4DiseZsOR4g==,13-Mar-18,System Locked,13-Mar-18 6:30:11 PM,13-Mar-18 6:30:16 PM,0.07,
53,ckmT4R9WVWB26monU3MHNw==,WzzOoD5iW8LNLWYNV7IiUA==,+vCD8kqWx0rqO+6MvfNSZA==,snevsHZq1Qk/qasKhwTrjQ==,yuOtuXbHx/x4DiseZsOR4g==,13-Mar-18,System Locked,13-Mar-18 6:30:11 PM,13-Mar-18 6:30:16 PM,0.07,
48,vq20lzyItQbwsYRbon9inw==,eztE1a3SRDTFBFR9G9Y3yw==,+vCD8kqWx0rqO+6MvfNSZA==,snevsHZq1Qk/qasKhwTrjQ==,yuOtuXbHx/x4DiseZsOR4g==,13-Mar-18,System Locked,3/13/2018 5:05:51 PM,3/13/2018 5:52:17 PM,46.42,
17,cymCBJO38xIzIsTFYUobKw==,eztE1a3SRDTFBFR9G9Y3yw==,+vCD8kqWx0rqO+6MvfNSZA==,snevsHZq1Qk/qasKhwTrjQ==,yuOtuXbHx/x4DiseZsOR4g==,12-Mar-18,Break,3/12/2018 1:41:52 PM,3/12/2018 1:42:01 PM,0.13,
49,vq20lzyItQbwsYRbon9inw==,eztE1a3SRDTFBFR9G9Y3yw==,+vCD8kqWx0rqO+6MvfNSZA==,snevsHZq1Qk/qasKhwTrjQ==,yuOtuXbHx/x4DiseZsOR4g==,13-Mar-18,Break,3/13/2018 6:23:31 PM,3/13/2018 6:23:38 PM,0.1,
51,vq20lzyItQbwsYRbon9inw==,eztE1a3SRDTFBFR9G9Y3yw==,+vCD8kqWx0rqO+6MvfNSZA==,snevsHZq1Qk/qasKhwTrjQ==,yuOtuXbHx/x4DiseZsOR4g==,13-Mar-18,Break,3/13/2018 6:28:01 PM,3/13/2018 6:29:26 PM,1.4,
54,vq20lzyItQbwsYRbon9inw==,eztE1a3SRDTFBFR9G9Y3yw==,+vCD8kqWx0rqO+6MvfNSZA==,snevsHZq1Qk/qasKhwTrjQ==,yuOtuXbHx/x4DiseZsOR4g==,13-Mar-18,System Locked,3/13/2018 6:29:32 PM,3/13/2018 6:31:21 PM,1.82,
55,vq20lzyItQbwsYRbon9inw==,eztE1a3SRDTFBFR9G9Y3yw==,+vCD8kqWx0rqO+6MvfNSZA==,snevsHZq1Qk/qasKhwTrjQ==,yuOtuXbHx/x4DiseZsOR4g==,13-Mar-18,System Locked,3/13/2018 6:29:32 PM,3/13/2018 6:31:21 PM,1.82,
56,CGPRAHn2jx3zh/vsrZdSHA==,BMXraUrJlWC7VDm9TGmr1g==,+vCD8kqWx0rqO+6MvfNSZA==,snevsHZq1Qk/qasKhwTrjQ==,oFX4W+50tGaQWTDJ8JXpEw==,13-Mar-18,System Locked,3/13/2018 6:43:33 PM,3/13/2018 6:43:40 PM,0.12,
57,CGPRAHn2jx3zh/vsrZdSHA==,BMXraUrJlWC7VDm9TGmr1g==,+vCD8kqWx0rqO+6MvfNSZA==,snevsHZq1Qk/qasKhwTrjQ==,oFX4W+50tGaQWTDJ8JXpEw==,13-Mar-18,System Locked,3/13/2018 7:04:57 PM,3/13/2018 7:26:05 PM,21.13,
58,u+hHHgsk7vXxk+pEpY5n/Q==,iDLGelE+x5b0qB63iEpffA==,+vCD8kqWx0rqO+6MvfNSZA==,snevsHZq1Qk/qasKhwTrjQ==,oFX4W+50tGaQWTDJ8JXpEw==,13-Mar-18,System Locked,13-03-2018 19:29:25,13-03-2018 19:29:33,0.13,
59,u+hHHgsk7vXxk+pEpY5n/Q==,iDLGelE+x5b0qB63iEpffA==,+vCD8kqWx0rqO+6MvfNSZA==,snevsHZq1Qk/qasKhwTrjQ==,oFX4W+50tGaQWTDJ8JXpEw==,14-Mar-18,System Locked,14-03-2018 10:45:20,14-03-2018 10:45:23,0.05,
60,ckmT4R9WVWB26monU3MHNw==,WzzOoD5iW8LNLWYNV7IiUA==,+vCD8kqWx0rqO+6MvfNSZA==,snevsHZq1Qk/qasKhwTrjQ==,yuOtuXbHx/x4DiseZsOR4g==,14-Mar-18,System Locked,14-Mar-18 10:40:41 AM,14-Mar-18 10:47:25 AM,6.72,
61,u+hHHgsk7vXxk+pEpY5n/Q==,iDLGelE+x5b0qB63iEpffA==,+vCD8kqWx0rqO+6MvfNSZA==,snevsHZq1Qk/qasKhwTrjQ==,oFX4W+50tGaQWTDJ8JXpEw==,14-Mar-18,System Locked,14-03-2018 11:16:00,14-03-2018 11:16:08,0.12,
62,u+hHHgsk7vXxk+pEpY5n/Q==,iDLGelE+x5b0qB63iEpffA==,+vCD8kqWx0rqO+6MvfNSZA==,snevsHZq1Qk/qasKhwTrjQ==,oFX4W+50tGaQWTDJ8JXpEw==,14-Mar-18,System Locked,14-03-2018 12:25:38,14-03-2018 12:25:46,0.12,
63,vq20lzyItQbwsYRbon9inw==,eztE1a3SRDTFBFR9G9Y3yw==,+vCD8kqWx0rqO+6MvfNSZA==,snevsHZq1Qk/qasKhwTrjQ==,yuOtuXbHx/x4DiseZsOR4g==,14-Mar-18,Break,3/14/2018 12:46:00 PM,3/14/2018 12:46:09 PM,0.15,
64,vq20lzyItQbwsYRbon9inw==,eztE1a3SRDTFBFR9G9Y3yw==,+vCD8kqWx0rqO+6MvfNSZA==,snevsHZq1Qk/qasKhwTrjQ==,yuOtuXbHx/x4DiseZsOR4g==,14-Mar-18,Break,3/14/2018 12:46:12 PM,3/14/2018 12:46:13 PM,0.02,
65,vq20lzyItQbwsYRbon9inw==,eztE1a3SRDTFBFR9G9Y3yw==,+vCD8kqWx0rqO+6MvfNSZA==,snevsHZq1Qk/qasKhwTrjQ==,yuOtuXbHx/x4DiseZsOR4g==,14-Mar-18,System Locked,3/14/2018 12:59:33 PM,3/14/2018 1:30:14 PM,30.67,
66,T4tv8n9icJz201/URnYfyw==,SnfemQpuaa7NRov7sMlN1A==,+vCD8kqWx0rqO+6MvfNSZA==,snevsHZq1Qk/qasKhwTrjQ==,yuOtuXbHx/x4DiseZsOR4g==,14-Mar-18,Break,14-03-2018 12:57:44,14-03-2018 13:31:51,34.12,
67,ckmT4R9WVWB26monU3MHNw==,WzzOoD5iW8LNLWYNV7IiUA==,+vCD8kqWx0rqO+6MvfNSZA==,snevsHZq1Qk/qasKhwTrjQ==,yuOtuXbHx/x4DiseZsOR4g==,14-Mar-18,Break,14-Mar-18 12:58:48 PM,14-Mar-18 1:32:00 PM,33.18,
68,T4tv8n9icJz201/URnYfyw==,SnfemQpuaa7NRov7sMlN1A==,+vCD8kqWx0rqO+6MvfNSZA==,snevsHZq1Qk/qasKhwTrjQ==,yuOtuXbHx/x4DiseZsOR4g==,14-Mar-18,System Locked,14-03-2018 13:57:48,14-03-2018 13:58:05,0.28,
69,u+hHHgsk7vXxk+pEpY5n/Q==,iDLGelE+x5b0qB63iEpffA==,+vCD8kqWx0rqO+6MvfNSZA==,snevsHZq1Qk/qasKhwTrjQ==,oFX4W+50tGaQWTDJ8JXpEw==,14-Mar-18,System Locked,14-03-2018 12:25:54,14-03-2018 13:59:12,93.3,
70,vq20lzyItQbwsYRbon9inw==,eztE1a3SRDTFBFR9G9Y3yw==,+vCD8kqWx0rqO+6MvfNSZA==,snevsHZq1Qk/qasKhwTrjQ==,yuOtuXbHx/x4DiseZsOR4g==,14-Mar-18,Break,3/14/2018 2:20:11 PM,3/14/2018 2:20:31 PM,0.33,
71,T4tv8n9icJz201/URnYfyw==,SnfemQpuaa7NRov7sMlN1A==,+vCD8kqWx0rqO+6MvfNSZA==,snevsHZq1Qk/qasKhwTrjQ==,yuOtuXbHx/x4DiseZsOR4g==,14-Mar-18,System Locked,14-03-2018 14:53:43,14-03-2018 14:53:53,0.17,
72,vq20lzyItQbwsYRbon9inw==,eztE1a3SRDTFBFR9G9Y3yw==,+vCD8kqWx0rqO+6MvfNSZA==,snevsHZq1Qk/qasKhwTrjQ==,yuOtuXbHx/x4DiseZsOR4g==,14-Mar-18,Break,3/14/2018 3:12:46 PM,3/14/2018 3:12:47 PM,0,
73,vq20lzyItQbwsYRbon9inw==,eztE1a3SRDTFBFR9G9Y3yw==,+vCD8kqWx0rqO+6MvfNSZA==,snevsHZq1Qk/qasKhwTrjQ==,yuOtuXbHx/x4DiseZsOR4g==,14-Mar-18,Break,3/14/2018 3:13:17 PM,3/14/2018 3:13:41 PM,0.38,
74,vq20lzyItQbwsYRbon9inw==,eztE1a3SRDTFBFR9G9Y3yw==,+vCD8kqWx0rqO+6MvfNSZA==,snevsHZq1Qk/qasKhwTrjQ==,yuOtuXbHx/x4DiseZsOR4g==,14-Mar-18,Break,3/14/2018 3:20:02 PM,3/14/2018 3:20:03 PM,0.02,
75,vq20lzyItQbwsYRbon9inw==,eztE1a3SRDTFBFR9G9Y3yw==,+vCD8kqWx0rqO+6MvfNSZA==,snevsHZq1Qk/qasKhwTrjQ==,yuOtuXbHx/x4DiseZsOR4g==,14-Mar-18,Break,3/14/2018 3:20:04 PM,3/14/2018 3:20:13 PM,0.13,
76,vq20lzyItQbwsYRbon9inw==,eztE1a3SRDTFBFR9G9Y3yw==,+vCD8kqWx0rqO+6MvfNSZA==,snevsHZq1Qk/qasKhwTrjQ==,yuOtuXbHx/x4DiseZsOR4g==,14-Mar-18,Break,3/14/2018 3:20:14 PM,3/14/2018 3:20:31 PM,0.28,
77,vq20lzyItQbwsYRbon9inw==,eztE1a3SRDTFBFR9G9Y3yw==,+vCD8kqWx0rqO+6MvfNSZA==,snevsHZq1Qk/qasKhwTrjQ==,yuOtuXbHx/x4DiseZsOR4g==,14-Mar-18,Break,3/14/2018 3:20:33 PM,3/14/2018 3:20:56 PM,0.38,
78,vq20lzyItQbwsYRbon9inw==,eztE1a3SRDTFBFR9G9Y3yw==,+vCD8kqWx0rqO+6MvfNSZA==,snevsHZq1Qk/qasKhwTrjQ==,yuOtuXbHx/x4DiseZsOR4g==,14-Mar-18,Break,3/14/2018 3:20:57 PM,3/14/2018 3:21:05 PM,0.12,
79,vq20lzyItQbwsYRbon9inw==,eztE1a3SRDTFBFR9G9Y3yw==,+vCD8kqWx0rqO+6MvfNSZA==,snevsHZq1Qk/qasKhwTrjQ==,yuOtuXbHx/x4DiseZsOR4g==,14-Mar-18,Break,3/14/2018 3:21:06 PM,3/14/2018 3:21:10 PM,0.07,
80,vq20lzyItQbwsYRbon9inw==,eztE1a3SRDTFBFR9G9Y3yw==,+vCD8kqWx0rqO+6MvfNSZA==,snevsHZq1Qk/qasKhwTrjQ==,yuOtuXbHx/x4DiseZsOR4g==,14-Mar-18,Break,3/14/2018 3:21:11 PM,3/14/2018 3:21:14 PM,0.05,
81,vq20lzyItQbwsYRbon9inw==,eztE1a3SRDTFBFR9G9Y3yw==,+vCD8kqWx0rqO+6MvfNSZA==,snevsHZq1Qk/qasKhwTrjQ==,yuOtuXbHx/x4DiseZsOR4g==,14-Mar-18,Break,3/14/2018 3:21:16 PM,3/14/2018 3:21:25 PM,0.13,
82,ckmT4R9WVWB26monU3MHNw==,WzzOoD5iW8LNLWYNV7IiUA==,+vCD8kqWx0rqO+6MvfNSZA==,snevsHZq1Qk/qasKhwTrjQ==,yuOtuXbHx/x4DiseZsOR4g==,14-Mar-18,System Locked,14-Mar-18 3:54:35 PM,14-Mar-18 3:54:41 PM,0.08,
83,u+hHHgsk7vXxk+pEpY5n/Q==,iDLGelE+x5b0qB63iEpffA==,+vCD8kqWx0rqO+6MvfNSZA==,snevsHZq1Qk/qasKhwTrjQ==,oFX4W+50tGaQWTDJ8JXpEw==,14-Mar-18,System Locked,14-03-2018 16:54:33,14-03-2018 16:54:46,0.22,
84,T4tv8n9icJz201/URnYfyw==,SnfemQpuaa7NRov7sMlN1A==,+vCD8kqWx0rqO+6MvfNSZA==,snevsHZq1Qk/qasKhwTrjQ==,yuOtuXbHx/x4DiseZsOR4g==,14-Mar-18,System Locked,14-03-2018 16:06:39,14-03-2018 17:00:53,54.23,
85,ckmT4R9WVWB26monU3MHNw==,WzzOoD5iW8LNLWYNV7IiUA==,+vCD8kqWx0rqO+6MvfNSZA==,snevsHZq1Qk/qasKhwTrjQ==,yuOtuXbHx/x4DiseZsOR4g==,14-Mar-18,System Locked,14-Mar-18 5:01:11 PM,14-Mar-18 5:01:16 PM,0.08,
86,u+hHHgsk7vXxk+pEpY5n/Q==,iDLGelE+x5b0qB63iEpffA==,+vCD8kqWx0rqO+6MvfNSZA==,snevsHZq1Qk/qasKhwTrjQ==,oFX4W+50tGaQWTDJ8JXpEw==,14-Mar-18,System Locked,14-03-2018 17:58:45,14-03-2018 17:58:50,0.07,
87,vq20lzyItQbwsYRbon9inw==,eztE1a3SRDTFBFR9G9Y3yw==,+vCD8kqWx0rqO+6MvfNSZA==,snevsHZq1Qk/qasKhwTrjQ==,yuOtuXbHx/x4DiseZsOR4g==,14-Mar-18,System Locked,3/14/2018 6:47:09 PM,3/14/2018 6:47:18 PM,0.15,
88,vq20lzyItQbwsYRbon9inw==,eztE1a3SRDTFBFR9G9Y3yw==,+vCD8kqWx0rqO+6MvfNSZA==,snevsHZq1Qk/qasKhwTrjQ==,yuOtuXbHx/x4DiseZsOR4g==,14-Mar-18,System Locked,3/14/2018 6:47:44 PM,3/14/2018 7:06:43 PM,18.98,
89,CGPRAHn2jx3zh/vsrZdSHA==,BMXraUrJlWC7VDm9TGmr1g==,+vCD8kqWx0rqO+6MvfNSZA==,snevsHZq1Qk/qasKhwTrjQ==,oFX4W+50tGaQWTDJ8JXpEw==,14-Mar-18,System Locked,3/14/2018 7:07:07 PM,3/14/2018 7:07:15 PM,0.12,
90,u+hHHgsk7vXxk+pEpY5n/Q==,iDLGelE+x5b0qB63iEpffA==,+vCD8kqWx0rqO+6MvfNSZA==,snevsHZq1Qk/qasKhwTrjQ==,oFX4W+50tGaQWTDJ8JXpEw==,15-Mar-18,System Locked,15-03-2018 10:38:55,15-03-2018 10:39:01,0.08,
91,ckmT4R9WVWB26monU3MHNw==,WzzOoD5iW8LNLWYNV7IiUA==,+vCD8kqWx0rqO+6MvfNSZA==,snevsHZq1Qk/qasKhwTrjQ==,yuOtuXbHx/x4DiseZsOR4g==,15-Mar-18,System Locked,15-Mar-18 10:46:07 AM,15-Mar-18 10:46:11 AM,0.05,
92,u+hHHgsk7vXxk+pEpY5n/Q==,iDLGelE+x5b0qB63iEpffA==,+vCD8kqWx0rqO+6MvfNSZA==,snevsHZq1Qk/qasKhwTrjQ==,oFX4W+50tGaQWTDJ8JXpEw==,15-Mar-18,System Locked,15-03-2018 11:14:55,15-03-2018 11:15:05,0.15,
93,vq20lzyItQbwsYRbon9inw==,eztE1a3SRDTFBFR9G9Y3yw==,+vCD8kqWx0rqO+6MvfNSZA==,snevsHZq1Qk/qasKhwTrjQ==,yuOtuXbHx/x4DiseZsOR4g==,15-Mar-18,Break,3/15/2018 1:38:55 PM,3/15/2018 1:38:55 PM,0,
94,1n4/6W/avI8Z3F6aToseLA==,UCDt6wUeJV++DQKNAQccHA==,+vCD8kqWx0rqO+6MvfNSZA==,snevsHZq1Qk/qasKhwTrjQ==,oFX4W+50tGaQWTDJ8JXpEw==,15-Mar-18,Break,3/15/2018 1:51:40 PM,3/15/2018 1:51:48 PM,0.12,
95,T4tv8n9icJz201/URnYfyw==,SnfemQpuaa7NRov7sMlN1A==,+vCD8kqWx0rqO+6MvfNSZA==,snevsHZq1Qk/qasKhwTrjQ==,yuOtuXbHx/x4DiseZsOR4g==,15-Mar-18,Break,15-03-2018 13:00:40,15-03-2018 13:56:47,56.1,
96,u+hHHgsk7vXxk+pEpY5n/Q==,iDLGelE+x5b0qB63iEpffA==,+vCD8kqWx0rqO+6MvfNSZA==,snevsHZq1Qk/qasKhwTrjQ==,oFX4W+50tGaQWTDJ8JXpEw==,15-Mar-18,Break,15-03-2018 13:01:45,15-03-2018 14:06:20,64.57,
97,ckmT4R9WVWB26monU3MHNw==,WzzOoD5iW8LNLWYNV7IiUA==,+vCD8kqWx0rqO+6MvfNSZA==,snevsHZq1Qk/qasKhwTrjQ==,yuOtuXbHx/x4DiseZsOR4g==,15-Mar-18,Break,15-Mar-18 1:11:10 PM,15-Mar-18 2:11:09 PM,59.97,
98,u+hHHgsk7vXxk+pEpY5n/Q==,iDLGelE+x5b0qB63iEpffA==,+vCD8kqWx0rqO+6MvfNSZA==,snevsHZq1Qk/qasKhwTrjQ==,oFX4W+50tGaQWTDJ8JXpEw==,15-Mar-18,System Locked,15-03-2018 14:30:45,15-03-2018 14:30:52,0.1,
99,ckmT4R9WVWB26monU3MHNw==,WzzOoD5iW8LNLWYNV7IiUA==,+vCD8kqWx0rqO+6MvfNSZA==,snevsHZq1Qk/qasKhwTrjQ==,yuOtuXbHx/x4DiseZsOR4g==,15-Mar-18,System Locked,15-Mar-18 4:15:08 PM,15-Mar-18 4:15:15 PM,0.1,
100,u+hHHgsk7vXxk+pEpY5n/Q==,iDLGelE+x5b0qB63iEpffA==,+vCD8kqWx0rqO+6MvfNSZA==,snevsHZq1Qk/qasKhwTrjQ==,oFX4W+50tGaQWTDJ8JXpEw==,15-Mar-18,System Locked,15-03-2018 16:27:45,15-03-2018 16:27:52,0.12,
101,ckmT4R9WVWB26monU3MHNw==,WzzOoD5iW8LNLWYNV7IiUA==,+vCD8kqWx0rqO+6MvfNSZA==,snevsHZq1Qk/qasKhwTrjQ==,yuOtuXbHx/x4DiseZsOR4g==,15-Mar-18,System Locked,15-Mar-18 5:18:57 PM,15-Mar-18 5:19:02 PM,0.08,
102,T4tv8n9icJz201/URnYfyw==,SnfemQpuaa7NRov7sMlN1A==,+vCD8kqWx0rqO+6MvfNSZA==,snevsHZq1Qk/qasKhwTrjQ==,yuOtuXbHx/x4DiseZsOR4g==,15-Mar-18,System Locked,15-03-2018 17:23:04,15-03-2018 17:23:21,0.27,
103,u+hHHgsk7vXxk+pEpY5n/Q==,iDLGelE+x5b0qB63iEpffA==,+vCD8kqWx0rqO+6MvfNSZA==,snevsHZq1Qk/qasKhwTrjQ==,oFX4W+50tGaQWTDJ8JXpEw==,15-Mar-18,System Locked,15-03-2018 17:12:53,15-03-2018 18:00:51,47.97,
104,ckmT4R9WVWB26monU3MHNw==,WzzOoD5iW8LNLWYNV7IiUA==,+vCD8kqWx0rqO+6MvfNSZA==,snevsHZq1Qk/qasKhwTrjQ==,yuOtuXbHx/x4DiseZsOR4g==,16-Mar-18,System Locked,16-Mar-18 10:12:12 AM,16-Mar-18 10:12:15 AM,0.03,
105,u+hHHgsk7vXxk+pEpY5n/Q==,iDLGelE+x5b0qB63iEpffA==,+vCD8kqWx0rqO+6MvfNSZA==,snevsHZq1Qk/qasKhwTrjQ==,oFX4W+50tGaQWTDJ8JXpEw==,16-Mar-18,System Locked,16-03-2018 10:36:35,16-03-2018 10:36:36,0.02,
106,T4tv8n9icJz201/URnYfyw==,SnfemQpuaa7NRov7sMlN1A==,+vCD8kqWx0rqO+6MvfNSZA==,snevsHZq1Qk/qasKhwTrjQ==,yuOtuXbHx/x4DiseZsOR4g==,16-Mar-18,System Locked,16-03-2018 10:56:54,16-03-2018 10:58:09,1.23,
107,u+hHHgsk7vXxk+pEpY5n/Q==,iDLGelE+x5b0qB63iEpffA==,+vCD8kqWx0rqO+6MvfNSZA==,snevsHZq1Qk/qasKhwTrjQ==,oFX4W+50tGaQWTDJ8JXpEw==,16-Mar-18,System Locked,16-03-2018 11:26:22,16-03-2018 11:26:27,0.08,
108,u+hHHgsk7vXxk+pEpY5n/Q==,iDLGelE+x5b0qB63iEpffA==,+vCD8kqWx0rqO+6MvfNSZA==,snevsHZq1Qk/qasKhwTrjQ==,oFX4W+50tGaQWTDJ8JXpEw==,16-Mar-18,System Locked,16-03-2018 12:10:52,16-03-2018 12:11:06,0.23,
109,vq20lzyItQbwsYRbon9inw==,eztE1a3SRDTFBFR9G9Y3yw==,+vCD8kqWx0rqO+6MvfNSZA==,snevsHZq1Qk/qasKhwTrjQ==,yuOtuXbHx/x4DiseZsOR4g==,16-Mar-18,Break,3/16/2018 12:19:29 PM,3/16/2018 12:19:29 PM,0,
110,vq20lzyItQbwsYRbon9inw==,eztE1a3SRDTFBFR9G9Y3yw==,+vCD8kqWx0rqO+6MvfNSZA==,snevsHZq1Qk/qasKhwTrjQ==,yuOtuXbHx/x4DiseZsOR4g==,16-Mar-18,Break,3/16/2018 12:19:30 PM,3/16/2018 12:19:38 PM,0.13,
111,vq20lzyItQbwsYRbon9inw==,eztE1a3SRDTFBFR9G9Y3yw==,+vCD8kqWx0rqO+6MvfNSZA==,snevsHZq1Qk/qasKhwTrjQ==,yuOtuXbHx/x4DiseZsOR4g==,16-Mar-18,Break,3/16/2018 12:19:43 PM,3/16/2018 12:20:00 PM,0.27,
112,CGPRAHn2jx3zh/vsrZdSHA==,BMXraUrJlWC7VDm9TGmr1g==,+vCD8kqWx0rqO+6MvfNSZA==,snevsHZq1Qk/qasKhwTrjQ==,oFX4W+50tGaQWTDJ8JXpEw==,16-Mar-18,System Locked,3/16/2018 1:17:07 PM,3/16/2018 1:54:15 PM,37.13,
113,ckmT4R9WVWB26monU3MHNw==,WzzOoD5iW8LNLWYNV7IiUA==,+vCD8kqWx0rqO+6MvfNSZA==,snevsHZq1Qk/qasKhwTrjQ==,yuOtuXbHx/x4DiseZsOR4g==,16-Mar-18,Break,16-Mar-18 1:19:23 PM,16-Mar-18 1:55:33 PM,36.17,
114,vq20lzyItQbwsYRbon9inw==,eztE1a3SRDTFBFR9G9Y3yw==,+vCD8kqWx0rqO+6MvfNSZA==,snevsHZq1Qk/qasKhwTrjQ==,yuOtuXbHx/x4DiseZsOR4g==,16-Mar-18,Break,3/16/2018 1:57:34 PM,3/16/2018 1:59:00 PM,1.42,
115,u+hHHgsk7vXxk+pEpY5n/Q==,iDLGelE+x5b0qB63iEpffA==,+vCD8kqWx0rqO+6MvfNSZA==,snevsHZq1Qk/qasKhwTrjQ==,oFX4W+50tGaQWTDJ8JXpEw==,16-Mar-18,Break,16-03-2018 13:02:18,16-03-2018 14:01:18,58.98,
116,vq20lzyItQbwsYRbon9inw==,eztE1a3SRDTFBFR9G9Y3yw==,+vCD8kqWx0rqO+6MvfNSZA==,snevsHZq1Qk/qasKhwTrjQ==,yuOtuXbHx/x4DiseZsOR4g==,16-Mar-18,Break,3/16/2018 1:59:03 PM,3/16/2018 2:23:07 PM,24.05,
117,vq20lzyItQbwsYRbon9inw==,eztE1a3SRDTFBFR9G9Y3yw==,+vCD8kqWx0rqO+6MvfNSZA==,snevsHZq1Qk/qasKhwTrjQ==,yuOtuXbHx/x4DiseZsOR4g==,16-Mar-18,Break,3/16/2018 2:23:18 PM,3/16/2018 2:23:34 PM,0.25,
118,ckmT4R9WVWB26monU3MHNw==,WzzOoD5iW8LNLWYNV7IiUA==,+vCD8kqWx0rqO+6MvfNSZA==,snevsHZq1Qk/qasKhwTrjQ==,yuOtuXbHx/x4DiseZsOR4g==,16-Mar-18,System Locked,16-Mar-18 2:24:19 PM,16-Mar-18 2:24:23 PM,0.07,
119,vq20lzyItQbwsYRbon9inw==,eztE1a3SRDTFBFR9G9Y3yw==,+vCD8kqWx0rqO+6MvfNSZA==,snevsHZq1Qk/qasKhwTrjQ==,yuOtuXbHx/x4DiseZsOR4g==,16-Mar-18,Break,3/16/2018 2:37:40 PM,3/16/2018 2:37:48 PM,0.12,
120,vq20lzyItQbwsYRbon9inw==,eztE1a3SRDTFBFR9G9Y3yw==,+vCD8kqWx0rqO+6MvfNSZA==,snevsHZq1Qk/qasKhwTrjQ==,yuOtuXbHx/x4DiseZsOR4g==,16-Mar-18,Break,3/16/2018 2:37:50 PM,3/16/2018 2:37:52 PM,0.02,
121,vq20lzyItQbwsYRbon9inw==,eztE1a3SRDTFBFR9G9Y3yw==,+vCD8kqWx0rqO+6MvfNSZA==,snevsHZq1Qk/qasKhwTrjQ==,yuOtuXbHx/x4DiseZsOR4g==,16-Mar-18,Break,3/16/2018 2:42:55 PM,3/16/2018 2:43:10 PM,0.23,
122,vq20lzyItQbwsYRbon9inw==,eztE1a3SRDTFBFR9G9Y3yw==,+vCD8kqWx0rqO+6MvfNSZA==,snevsHZq1Qk/qasKhwTrjQ==,yuOtuXbHx/x4DiseZsOR4g==,16-Mar-18,Break,3/16/2018 2:43:11 PM,3/16/2018 2:44:24 PM,1.2,
123,T4tv8n9icJz201/URnYfyw==,SnfemQpuaa7NRov7sMlN1A==,+vCD8kqWx0rqO+6MvfNSZA==,snevsHZq1Qk/qasKhwTrjQ==,yuOtuXbHx/x4DiseZsOR4g==,16-Mar-18,System Locked,16-03-2018 15:14:30,16-03-2018 15:14:34,0.05,
124,CGPRAHn2jx3zh/vsrZdSHA==,BMXraUrJlWC7VDm9TGmr1g==,+vCD8kqWx0rqO+6MvfNSZA==,snevsHZq1Qk/qasKhwTrjQ==,oFX4W+50tGaQWTDJ8JXpEw==,16-Mar-18,System Locked,3/16/2018 3:15:46 PM,3/16/2018 3:16:02 PM,0.25,
125,vq20lzyItQbwsYRbon9inw==,eztE1a3SRDTFBFR9G9Y3yw==,+vCD8kqWx0rqO+6MvfNSZA==,snevsHZq1Qk/qasKhwTrjQ==,yuOtuXbHx/x4DiseZsOR4g==,16-Mar-18,System Locked,3/16/2018 4:10:51 PM,3/16/2018 4:26:57 PM,16.1,
126,vq20lzyItQbwsYRbon9inw==,eztE1a3SRDTFBFR9G9Y3yw==,+vCD8kqWx0rqO+6MvfNSZA==,snevsHZq1Qk/qasKhwTrjQ==,yuOtuXbHx/x4DiseZsOR4g==,16-Mar-18,Break,3/16/2018 4:28:08 PM,3/16/2018 4:28:10 PM,0.02,
129,CGPRAHn2jx3zh/vsrZdSHA==,BMXraUrJlWC7VDm9TGmr1g==,+vCD8kqWx0rqO+6MvfNSZA==,snevsHZq1Qk/qasKhwTrjQ==,oFX4W+50tGaQWTDJ8JXpEw==,16-Mar-18,System Locked,3/16/2018 4:21:03 PM,3/16/2018 5:09:33 PM,48.48,
131,CGPRAHn2jx3zh/vsrZdSHA==,BMXraUrJlWC7VDm9TGmr1g==,+vCD8kqWx0rqO+6MvfNSZA==,snevsHZq1Qk/qasKhwTrjQ==,oFX4W+50tGaQWTDJ8JXpEw==,16-Mar-18,System Locked,3/16/2018 6:53:07 PM,3/16/2018 6:53:13 PM,0.08,
127,T4tv8n9icJz201/URnYfyw==,SnfemQpuaa7NRov7sMlN1A==,+vCD8kqWx0rqO+6MvfNSZA==,snevsHZq1Qk/qasKhwTrjQ==,yuOtuXbHx/x4DiseZsOR4g==,16-Mar-18,System Locked,16-03-2018 16:57:10,16-03-2018 16:57:17,0.1,
128,u+hHHgsk7vXxk+pEpY5n/Q==,iDLGelE+x5b0qB63iEpffA==,+vCD8kqWx0rqO+6MvfNSZA==,snevsHZq1Qk/qasKhwTrjQ==,oFX4W+50tGaQWTDJ8JXpEw==,16-Mar-18,System Locked,16-03-2018 16:20:46,16-03-2018 17:04:55,44.15,
130,T4tv8n9icJz201/URnYfyw==,SnfemQpuaa7NRov7sMlN1A==,+vCD8kqWx0rqO+6MvfNSZA==,snevsHZq1Qk/qasKhwTrjQ==,yuOtuXbHx/x4DiseZsOR4g==,16-Mar-18,System Locked,16-03-2018 18:29:43,16-03-2018 18:29:49,0.08,
132,u+hHHgsk7vXxk+pEpY5n/Q==,iDLGelE+x5b0qB63iEpffA==,+vCD8kqWx0rqO+6MvfNSZA==,snevsHZq1Qk/qasKhwTrjQ==,oFX4W+50tGaQWTDJ8JXpEw==,16-Mar-18,System Locked,16-03-2018 19:10:45,16-03-2018 19:10:48,0.05,
133,u+hHHgsk7vXxk+pEpY5n/Q==,iDLGelE+x5b0qB63iEpffA==,+vCD8kqWx0rqO+6MvfNSZA==,snevsHZq1Qk/qasKhwTrjQ==,oFX4W+50tGaQWTDJ8JXpEw==,16-Mar-18,System Locked,16-03-2018 19:36:18,16-03-2018 19:36:24,0.08,
134,u+hHHgsk7vXxk+pEpY5n/Q==,iDLGelE+x5b0qB63iEpffA==,+vCD8kqWx0rqO+6MvfNSZA==,snevsHZq1Qk/qasKhwTrjQ==,oFX4W+50tGaQWTDJ8JXpEw==,17-Mar-18,System Locked,17-03-2018 13:16:16,17-03-2018 13:16:20,0.05,
