id,date,empl_id,name,project,process,sub_process,activity,sub_activity,task,action,start_time,end_time,total_time,volume,act_id,comment,added_by
9,13-Mar-18,iDLGelE+x5b0qB63iEpffA==,u+hHHgsk7vXxk+pEpY5n/Q==,+vCD8kqWx0rqO+6MvfNSZA==,snevsHZq1Qk/qasKhwTrjQ==,oFX4W+50tGaQWTDJ8JXpEw==,Issue Trak/CRT,Issue Track,Resolved (Analysis + Correction/Enhancement),,13-03-2018 14:30:19,13-03-2018 14:33:00,2.67,,,,
10,13-Mar-18,WzzOoD5iW8LNLWYNV7IiUA==,ckmT4R9WVWB26monU3MHNw==,+vCD8kqWx0rqO+6MvfNSZA==,snevsHZq1Qk/qasKhwTrjQ==,yuOtuXbHx/x4DiseZsOR4g==,Coding,Epics,Primary - Dual Coding,,13-Mar-18 2:42:19 PM,13-Mar-18 2:44:51 PM,2.53,,,,
11,13-Mar-18,iDLGelE+x5b0qB63iEpffA==,u+hHHgsk7vXxk+pEpY5n/Q==,+vCD8kqWx0rqO+6MvfNSZA==,snevsHZq1Qk/qasKhwTrjQ==,oFX4W+50tGaQWTDJ8JXpEw==,Validation Activities,Cross coding validation,Cross coding validation / Eforte Validation,,13-03-2018 14:33:00,13-03-2018 14:52:31,19.5,,,,
7,13-Mar-18,eztE1a3SRDTFBFR9G9Y3yw==,vq20lzyItQbwsYRbon9inw==,+vCD8kqWx0rqO+6MvfNSZA==,snevsHZq1Qk/qasKhwTrjQ==,yuOtuXbHx/x4DiseZsOR4g==,Cross Coding,Cross coding - Other Retailers,Cross Coding to Standard Item,,3/13/2018 1:29:28 PM,3/13/2018 1:31:35 PM,3,,,,
12,13-Mar-18,iDLGelE+x5b0qB63iEpffA==,u+hHHgsk7vXxk+pEpY5n/Q==,+vCD8kqWx0rqO+6MvfNSZA==,snevsHZq1Qk/qasKhwTrjQ==,oFX4W+50tGaQWTDJ8JXpEw==,Validation Activities,Cross coding validation,Cross coding validation / Eforte Validation,,13-03-2018 14:52:31,13-03-2018 15:55:59,63.47,,,,
13,13-Mar-18,iDLGelE+x5b0qB63iEpffA==,u+hHHgsk7vXxk+pEpY5n/Q==,+vCD8kqWx0rqO+6MvfNSZA==,snevsHZq1Qk/qasKhwTrjQ==,oFX4W+50tGaQWTDJ8JXpEw==,Other BAU activities,Other Activities,Surgery/extraction/upload etc.,,13-03-2018 15:55:59,13-03-2018 16:09:26,13.43,,,,
14,13-Mar-18,iDLGelE+x5b0qB63iEpffA==,u+hHHgsk7vXxk+pEpY5n/Q==,+vCD8kqWx0rqO+6MvfNSZA==,snevsHZq1Qk/qasKhwTrjQ==,oFX4W+50tGaQWTDJ8JXpEw==,Validation Activities,Coding Validation,Internal validation,,13-03-2018 16:09:26,13-03-2018 17:53:42,58.45,,,,
15,13-Mar-18,eztE1a3SRDTFBFR9G9Y3yw==,vq20lzyItQbwsYRbon9inw==,+vCD8kqWx0rqO+6MvfNSZA==,snevsHZq1Qk/qasKhwTrjQ==,yuOtuXbHx/x4DiseZsOR4g==,Activity,Sub Activity,Task,,3/13/2018 5:02:03 PM,3/13/2018 6:00:37 PM,58.57,,,,
16,13-Mar-18,eztE1a3SRDTFBFR9G9Y3yw==,vq20lzyItQbwsYRbon9inw==,+vCD8kqWx0rqO+6MvfNSZA==,snevsHZq1Qk/qasKhwTrjQ==,yuOtuXbHx/x4DiseZsOR4g==,Cross Coding,Cross coding - Other Retailers,Cross Coding to Standard Item,,3/13/2018 6:03:24 PM,3/13/2018 6:03:36 PM,0.18,,,,
17,13-Mar-18,eztE1a3SRDTFBFR9G9Y3yw==,vq20lzyItQbwsYRbon9inw==,+vCD8kqWx0rqO+6MvfNSZA==,snevsHZq1Qk/qasKhwTrjQ==,yuOtuXbHx/x4DiseZsOR4g==,Cross Coding,Cross coding - Other Retailers,Cross Coding to Consolidated/PGI/Uncodable,,3/13/2018 6:03:36 PM,3/13/2018 6:06:14 PM,2.63,,,,
18,13-Mar-18,BMXraUrJlWC7VDm9TGmr1g==,CGPRAHn2jx3zh/vsrZdSHA==,+vCD8kqWx0rqO+6MvfNSZA==,snevsHZq1Qk/qasKhwTrjQ==,oFX4W+50tGaQWTDJ8JXpEw==,Cross Coding,Cross coding - Hard discounters treatment/support activities,(Aldi + Lidl) New Reference treatment,,3/13/2018 2:35:30 PM,3/13/2018 6:09:19 PM,165.39,,,,
19,13-Mar-18,eztE1a3SRDTFBFR9G9Y3yw==,vq20lzyItQbwsYRbon9inw==,+vCD8kqWx0rqO+6MvfNSZA==,snevsHZq1Qk/qasKhwTrjQ==,yuOtuXbHx/x4DiseZsOR4g==,Activity,Sub Activity,Task,,3/13/2018 6:06:14 PM,3/13/2018 6:19:45 PM,13.52,,,,
20,13-Mar-18,eztE1a3SRDTFBFR9G9Y3yw==,vq20lzyItQbwsYRbon9inw==,+vCD8kqWx0rqO+6MvfNSZA==,snevsHZq1Qk/qasKhwTrjQ==,yuOtuXbHx/x4DiseZsOR4g==,Other BAU activities,Other Activities,Item Rejection Browser,,3/13/2018 6:26:40 PM,3/13/2018 6:26:47 PM,0.12,,,,
21,13-Mar-18,iDLGelE+x5b0qB63iEpffA==,u+hHHgsk7vXxk+pEpY5n/Q==,+vCD8kqWx0rqO+6MvfNSZA==,snevsHZq1Qk/qasKhwTrjQ==,oFX4W+50tGaQWTDJ8JXpEw==,Cross Coding,Cross coding - Hard discounters treatment/support activities,DA file preparation & SIG feedback Xcodng - Colruyt,,13-03-2018 17:53:42,13-03-2018 18:33:48,21.86,,,,
22,13-Mar-18,iDLGelE+x5b0qB63iEpffA==,u+hHHgsk7vXxk+pEpY5n/Q==,+vCD8kqWx0rqO+6MvfNSZA==,snevsHZq1Qk/qasKhwTrjQ==,oFX4W+50tGaQWTDJ8JXpEw==,Indirect activities,Support activity,Allocation + File preparation,,13-03-2018 18:33:48,13-03-2018 18:33:55,0.12,,,,
23,13-Mar-18,eztE1a3SRDTFBFR9G9Y3yw==,vq20lzyItQbwsYRbon9inw==,+vCD8kqWx0rqO+6MvfNSZA==,snevsHZq1Qk/qasKhwTrjQ==,yuOtuXbHx/x4DiseZsOR4g==,Other BAU activities,Other Activities,ALL Henkel activities,,3/13/2018 6:36:04 PM,3/13/2018 6:36:42 PM,0.62,,,,
24,13-Mar-18,eztE1a3SRDTFBFR9G9Y3yw==,vq20lzyItQbwsYRbon9inw==,+vCD8kqWx0rqO+6MvfNSZA==,snevsHZq1Qk/qasKhwTrjQ==,yuOtuXbHx/x4DiseZsOR4g==,Activity,Sub Activity,Task,,3/13/2018 6:36:42 PM,3/13/2018 6:40:15 PM,3.55,,,,
25,13-Mar-18,SnfemQpuaa7NRov7sMlN1A==,T4tv8n9icJz201/URnYfyw==,+vCD8kqWx0rqO+6MvfNSZA==,snevsHZq1Qk/qasKhwTrjQ==,oFX4W+50tGaQWTDJ8JXpEw==,Coding,Epics,Primary - Dual Coding,,13-03-2018 14:48:10,13-03-2018 18:48:27,240.22,,,,
26,13-Mar-18,iDLGelE+x5b0qB63iEpffA==,u+hHHgsk7vXxk+pEpY5n/Q==,+vCD8kqWx0rqO+6MvfNSZA==,snevsHZq1Qk/qasKhwTrjQ==,oFX4W+50tGaQWTDJ8JXpEw==,NIMS/Image Management,Epic renaming,Epic renaming,,13-03-2018 18:54:44,13-03-2018 19:09:18,14.55,,,,
27,13-Mar-18,WzzOoD5iW8LNLWYNV7IiUA==,ckmT4R9WVWB26monU3MHNw==,+vCD8kqWx0rqO+6MvfNSZA==,snevsHZq1Qk/qasKhwTrjQ==,yuOtuXbHx/x4DiseZsOR4g==,Coding,Epics,Primary - Dual Coding,,13-Mar-18 2:45:15 PM,13-Mar-18 7:23:39 PM,278.14,,,,
28,13-Mar-18,iDLGelE+x5b0qB63iEpffA==,u+hHHgsk7vXxk+pEpY5n/Q==,+vCD8kqWx0rqO+6MvfNSZA==,snevsHZq1Qk/qasKhwTrjQ==,oFX4W+50tGaQWTDJ8JXpEw==,Validation Activities,Cross coding validation,PG out validation,,13-03-2018 19:09:18,13-03-2018 19:30:01,20.59,,,,
30,13-Mar-18,iDLGelE+x5b0qB63iEpffA==,u+hHHgsk7vXxk+pEpY5n/Q==,+vCD8kqWx0rqO+6MvfNSZA==,snevsHZq1Qk/qasKhwTrjQ==,oFX4W+50tGaQWTDJ8JXpEw==,Indirect activities,Calls/Meeting,Platform Enhancement/Client demand call,,13-03-2018 19:30:01,13-03-2018 20:05:37,35.6,,,,
29,13-Mar-18,SnfemQpuaa7NRov7sMlN1A==,T4tv8n9icJz201/URnYfyw==,+vCD8kqWx0rqO+6MvfNSZA==,snevsHZq1Qk/qasKhwTrjQ==,oFX4W+50tGaQWTDJ8JXpEw==,Issue Trak/CRT,Issue Track,Resolved (Analysis + Correction/Enhancement),,13-03-2018 18:48:27,13-03-2018 19:36:55,48.45,,,,
31,13-Mar-18,SnfemQpuaa7NRov7sMlN1A==,T4tv8n9icJz201/URnYfyw==,+vCD8kqWx0rqO+6MvfNSZA==,snevsHZq1Qk/qasKhwTrjQ==,oFX4W+50tGaQWTDJ8JXpEw==,TCS Internal activities,Other Meetings/Trainings,L&D - Trainings,,13-03-2018 19:36:55,13-03-2018 20:11:12,34.27,,,,
32,13-Mar-18,BMXraUrJlWC7VDm9TGmr1g==,CGPRAHn2jx3zh/vsrZdSHA==,+vCD8kqWx0rqO+6MvfNSZA==,snevsHZq1Qk/qasKhwTrjQ==,oFX4W+50tGaQWTDJ8JXpEw==,Cross Coding,Cross coding - Hard discounters treatment/support activities,(Aldi + Lidl) Folder - casual,,3/13/2018 6:09:20 PM,3/13/2018 8:25:56 PM,115.35,,,,
33,14-Mar-18,iDLGelE+x5b0qB63iEpffA==,u+hHHgsk7vXxk+pEpY5n/Q==,+vCD8kqWx0rqO+6MvfNSZA==,snevsHZq1Qk/qasKhwTrjQ==,oFX4W+50tGaQWTDJ8JXpEw==,Indirect activities,Communication,Mail/IM/Phone Communication,,14-03-2018 09:33:37,14-03-2018 09:47:02,13.4,,,,
34,14-Mar-18,iDLGelE+x5b0qB63iEpffA==,u+hHHgsk7vXxk+pEpY5n/Q==,+vCD8kqWx0rqO+6MvfNSZA==,snevsHZq1Qk/qasKhwTrjQ==,oFX4W+50tGaQWTDJ8JXpEw==,Indirect activities,Support activity,Allocation + File preparation,,14-03-2018 09:47:02,14-03-2018 10:07:57,20.9,,,,
35,14-Mar-18,iDLGelE+x5b0qB63iEpffA==,u+hHHgsk7vXxk+pEpY5n/Q==,+vCD8kqWx0rqO+6MvfNSZA==,snevsHZq1Qk/qasKhwTrjQ==,oFX4W+50tGaQWTDJ8JXpEw==,Issue Trak/CRT,Issue Track,Raised,,14-03-2018 10:07:57,14-03-2018 10:18:54,10.95,,,,
36,14-Mar-18,WzzOoD5iW8LNLWYNV7IiUA==,ckmT4R9WVWB26monU3MHNw==,+vCD8kqWx0rqO+6MvfNSZA==,snevsHZq1Qk/qasKhwTrjQ==,yuOtuXbHx/x4DiseZsOR4g==,Cross Coding,Cross coding - Other Retailers,Cross Coding to Consolidated/PGI/Uncodable,,14-Mar-18 10:47:56 AM,14-Mar-18 10:52:08 AM,4.18,,,,
37,14-Mar-18,WzzOoD5iW8LNLWYNV7IiUA==,ckmT4R9WVWB26monU3MHNw==,+vCD8kqWx0rqO+6MvfNSZA==,snevsHZq1Qk/qasKhwTrjQ==,yuOtuXbHx/x4DiseZsOR4g==,Cross Coding,Cross coding - Other Retailers,Cross Coding to Consolidated/PGI/Uncodable,,14-Mar-18 10:52:28 AM,14-Mar-18 10:52:41 AM,0.22,,,,
38,14-Mar-18,WzzOoD5iW8LNLWYNV7IiUA==,ckmT4R9WVWB26monU3MHNw==,+vCD8kqWx0rqO+6MvfNSZA==,snevsHZq1Qk/qasKhwTrjQ==,yuOtuXbHx/x4DiseZsOR4g==,Indirect activities,Communication,Mail/IM/Phone Communication - GC,,14-Mar-18 10:52:41 AM,14-Mar-18 10:53:10 AM,0.47,,,,
39,14-Mar-18,iDLGelE+x5b0qB63iEpffA==,u+hHHgsk7vXxk+pEpY5n/Q==,+vCD8kqWx0rqO+6MvfNSZA==,snevsHZq1Qk/qasKhwTrjQ==,oFX4W+50tGaQWTDJ8JXpEw==,Cross Coding,Cross coding - Hard discounters treatment/support activities,Colruyt New + Change + Split,,14-03-2018 10:18:54,14-03-2018 11:01:26,42.47,,,,
40,14-Mar-18,eztE1a3SRDTFBFR9G9Y3yw==,vq20lzyItQbwsYRbon9inw==,+vCD8kqWx0rqO+6MvfNSZA==,snevsHZq1Qk/qasKhwTrjQ==,yuOtuXbHx/x4DiseZsOR4g==,INDIRECT ACTIVITIES,PRODUCTION & QUALITY OFFSHORING,RCA/QEM INPUT,,3/14/2018 11:06:02 AM,3/14/2018 11:06:27 AM,0.4,,,,
41,14-Mar-18,eztE1a3SRDTFBFR9G9Y3yw==,vq20lzyItQbwsYRbon9inw==,+vCD8kqWx0rqO+6MvfNSZA==,snevsHZq1Qk/qasKhwTrjQ==,yuOtuXbHx/x4DiseZsOR4g==,INDIRECT ACTIVITIES,PRODUCTION & QUALITY OFFSHORING,RCA/QEM INPUT,,3/14/2018 11:06:27 AM,3/14/2018 11:10:03 AM,3.58,,,,
42,14-Mar-18,iDLGelE+x5b0qB63iEpffA==,u+hHHgsk7vXxk+pEpY5n/Q==,+vCD8kqWx0rqO+6MvfNSZA==,snevsHZq1Qk/qasKhwTrjQ==,oFX4W+50tGaQWTDJ8JXpEw==,TCS Internal activities,Other Meetings/Trainings,TCS internal Meeting/refresher training,,14-03-2018 11:01:26,14-03-2018 11:18:45,17.2,,,,
43,14-Mar-18,eztE1a3SRDTFBFR9G9Y3yw==,vq20lzyItQbwsYRbon9inw==,+vCD8kqWx0rqO+6MvfNSZA==,snevsHZq1Qk/qasKhwTrjQ==,yuOtuXbHx/x4DiseZsOR4g==,Activity,Sub Activity,Task,,3/14/2018 11:06:27 AM,3/14/2018 12:12:20 PM,65.88,,,,
44,14-Mar-18,eztE1a3SRDTFBFR9G9Y3yw==,vq20lzyItQbwsYRbon9inw==,+vCD8kqWx0rqO+6MvfNSZA==,snevsHZq1Qk/qasKhwTrjQ==,yuOtuXbHx/x4DiseZsOR4g==,Cross Coding,Cross coding - Other Retailers,Cross Coding to Standard Item,,3/14/2018 12:44:19 PM,3/14/2018 12:44:42 PM,0.37,,,,
45,14-Mar-18,eztE1a3SRDTFBFR9G9Y3yw==,vq20lzyItQbwsYRbon9inw==,+vCD8kqWx0rqO+6MvfNSZA==,snevsHZq1Qk/qasKhwTrjQ==,yuOtuXbHx/x4DiseZsOR4g==,Cross Coding,Cross coding - Other Retailers,Cross Coding to Standard Item,,3/14/2018 12:44:42 PM,3/14/2018 12:45:23 PM,0.67,,,,
46,14-Mar-18,eztE1a3SRDTFBFR9G9Y3yw==,vq20lzyItQbwsYRbon9inw==,+vCD8kqWx0rqO+6MvfNSZA==,snevsHZq1Qk/qasKhwTrjQ==,yuOtuXbHx/x4DiseZsOR4g==,Cross Coding,Cross coding - Other Retailers,Cross Coding to Standard Item,,3/14/2018 12:45:23 PM,3/14/2018 12:47:44 PM,2.18,,,,
47,14-Mar-18,eztE1a3SRDTFBFR9G9Y3yw==,vq20lzyItQbwsYRbon9inw==,+vCD8kqWx0rqO+6MvfNSZA==,snevsHZq1Qk/qasKhwTrjQ==,yuOtuXbHx/x4DiseZsOR4g==,INDIRECT ACTIVITIES,PRODUCTION & QUALITY OFFSHORING,RCA/QEM INPUT,,3/14/2018 12:47:44 PM,3/14/2018 12:48:49 PM,1.08,,,,
48,14-Mar-18,eztE1a3SRDTFBFR9G9Y3yw==,vq20lzyItQbwsYRbon9inw==,+vCD8kqWx0rqO+6MvfNSZA==,snevsHZq1Qk/qasKhwTrjQ==,yuOtuXbHx/x4DiseZsOR4g==,INDIRECT ACTIVITIES,PRODUCTION & QUALITY OFFSHORING,RCA/QEM INPUT,,3/14/2018 12:48:49 PM,3/14/2018 12:49:13 PM,0.38,,,,
49,14-Mar-18,eztE1a3SRDTFBFR9G9Y3yw==,vq20lzyItQbwsYRbon9inw==,+vCD8kqWx0rqO+6MvfNSZA==,snevsHZq1Qk/qasKhwTrjQ==,yuOtuXbHx/x4DiseZsOR4g==,INDIRECT ACTIVITIES,PRODUCTION & QUALITY OFFSHORING,RCA/QEM INPUT,,3/14/2018 12:49:13 PM,3/14/2018 12:50:20 PM,1.12,,,,
50,14-Mar-18,eztE1a3SRDTFBFR9G9Y3yw==,vq20lzyItQbwsYRbon9inw==,+vCD8kqWx0rqO+6MvfNSZA==,snevsHZq1Qk/qasKhwTrjQ==,yuOtuXbHx/x4DiseZsOR4g==,INDIRECT ACTIVITIES,PRODUCTION & QUALITY OFFSHORING,RCA/QEM INPUT,,3/14/2018 12:50:20 PM,3/14/2018 12:51:33 PM,1.2,,,,
51,14-Mar-18,eztE1a3SRDTFBFR9G9Y3yw==,vq20lzyItQbwsYRbon9inw==,+vCD8kqWx0rqO+6MvfNSZA==,snevsHZq1Qk/qasKhwTrjQ==,yuOtuXbHx/x4DiseZsOR4g==,INDIRECT ACTIVITIES,PRODUCTION & QUALITY OFFSHORING,RCA/QEM INPUT,,3/14/2018 12:51:33 PM,3/14/2018 12:51:58 PM,0.42,,,,
52,14-Mar-18,eztE1a3SRDTFBFR9G9Y3yw==,vq20lzyItQbwsYRbon9inw==,+vCD8kqWx0rqO+6MvfNSZA==,snevsHZq1Qk/qasKhwTrjQ==,yuOtuXbHx/x4DiseZsOR4g==,Other BAU activities,Other Activities,ALL Henkel activities,,3/14/2018 12:51:58 PM,3/14/2018 12:53:37 PM,1.63,,,,
53,14-Mar-18,eztE1a3SRDTFBFR9G9Y3yw==,vq20lzyItQbwsYRbon9inw==,+vCD8kqWx0rqO+6MvfNSZA==,snevsHZq1Qk/qasKhwTrjQ==,yuOtuXbHx/x4DiseZsOR4g==,Other BAU activities,Other Activities,Item Rejection Browser,,3/14/2018 12:53:37 PM,3/14/2018 12:54:05 PM,0.45,,,,
54,14-Mar-18,eztE1a3SRDTFBFR9G9Y3yw==,vq20lzyItQbwsYRbon9inw==,+vCD8kqWx0rqO+6MvfNSZA==,snevsHZq1Qk/qasKhwTrjQ==,yuOtuXbHx/x4DiseZsOR4g==,Other BAU activities,Other Activities,Micro Publication,,3/14/2018 12:54:05 PM,3/14/2018 12:54:56 PM,0.83,,,,
55,14-Mar-18,eztE1a3SRDTFBFR9G9Y3yw==,vq20lzyItQbwsYRbon9inw==,+vCD8kqWx0rqO+6MvfNSZA==,snevsHZq1Qk/qasKhwTrjQ==,yuOtuXbHx/x4DiseZsOR4g==,Other BAU activities,Other Activities,PRB BROWSER,,3/14/2018 12:57:38 PM,3/14/2018 1:30:48 PM,2.5,,,,
56,14-Mar-18,eztE1a3SRDTFBFR9G9Y3yw==,vq20lzyItQbwsYRbon9inw==,+vCD8kqWx0rqO+6MvfNSZA==,snevsHZq1Qk/qasKhwTrjQ==,yuOtuXbHx/x4DiseZsOR4g==,Other BAU activities,Other Activities,LAC to PGI,,3/14/2018 1:30:48 PM,3/14/2018 1:32:31 PM,1.72,,,,
57,14-Mar-18,eztE1a3SRDTFBFR9G9Y3yw==,vq20lzyItQbwsYRbon9inw==,+vCD8kqWx0rqO+6MvfNSZA==,snevsHZq1Qk/qasKhwTrjQ==,yuOtuXbHx/x4DiseZsOR4g==,Other BAU activities,Other Activities,Item Rejection Browser,,3/14/2018 1:32:31 PM,3/14/2018 1:34:02 PM,1.5,,,,
58,14-Mar-18,eztE1a3SRDTFBFR9G9Y3yw==,vq20lzyItQbwsYRbon9inw==,+vCD8kqWx0rqO+6MvfNSZA==,snevsHZq1Qk/qasKhwTrjQ==,yuOtuXbHx/x4DiseZsOR4g==,Other BAU activities,Other Activities,Daily RR28 Report,,3/14/2018 2:12:00 PM,3/14/2018 2:13:36 PM,1.6,,,,
126,15-Mar-18,SnfemQpuaa7NRov7sMlN1A==,T4tv8n9icJz201/URnYfyw==,+vCD8kqWx0rqO+6MvfNSZA==,snevsHZq1Qk/qasKhwTrjQ==,yuOtuXbHx/x4DiseZsOR4g==,Coding,Epics,Primary - Dual Coding,,15-03-2018 11:45:13,15-03-2018 20:24:38,463.03,,,,
59,14-Mar-18,eztE1a3SRDTFBFR9G9Y3yw==,vq20lzyItQbwsYRbon9inw==,+vCD8kqWx0rqO+6MvfNSZA==,snevsHZq1Qk/qasKhwTrjQ==,yuOtuXbHx/x4DiseZsOR4g==,Other BAU activities,Other Activities,Micro Publication,,3/14/2018 2:13:36 PM,3/14/2018 2:18:53 PM,5.27,,,,
60,14-Mar-18,eztE1a3SRDTFBFR9G9Y3yw==,vq20lzyItQbwsYRbon9inw==,+vCD8kqWx0rqO+6MvfNSZA==,snevsHZq1Qk/qasKhwTrjQ==,yuOtuXbHx/x4DiseZsOR4g==,Other BAU activities,Other Activities,Daily RR28 Report,,3/14/2018 2:56:53 PM,3/14/2018 2:57:00 PM,0.12,,,,
61,14-Mar-18,SnfemQpuaa7NRov7sMlN1A==,T4tv8n9icJz201/URnYfyw==,+vCD8kqWx0rqO+6MvfNSZA==,snevsHZq1Qk/qasKhwTrjQ==,yuOtuXbHx/x4DiseZsOR4g==,Cross Coding,Cross coding - Other Retailers,Cross Coding to Standard Item,,14-03-2018 10:47:38,14-03-2018 15:11:52,229.66,,,,
62,14-Mar-18,eztE1a3SRDTFBFR9G9Y3yw==,vq20lzyItQbwsYRbon9inw==,+vCD8kqWx0rqO+6MvfNSZA==,snevsHZq1Qk/qasKhwTrjQ==,yuOtuXbHx/x4DiseZsOR4g==,Other BAU activities,Other Activities,Catalog Checking & Item Updation,,3/14/2018 3:13:14 PM,3/14/2018 3:14:07 PM,0.49,,,,
63,14-Mar-18,eztE1a3SRDTFBFR9G9Y3yw==,vq20lzyItQbwsYRbon9inw==,+vCD8kqWx0rqO+6MvfNSZA==,snevsHZq1Qk/qasKhwTrjQ==,yuOtuXbHx/x4DiseZsOR4g==,Other BAU activities,Other Activities,Item Rejection Browser,,3/14/2018 3:41:43 PM,3/14/2018 3:43:01 PM,1.28,,,,
64,14-Mar-18,eztE1a3SRDTFBFR9G9Y3yw==,vq20lzyItQbwsYRbon9inw==,+vCD8kqWx0rqO+6MvfNSZA==,snevsHZq1Qk/qasKhwTrjQ==,yuOtuXbHx/x4DiseZsOR4g==,Other BAU activities,Other Activities,Micro Publication,,3/14/2018 3:48:02 PM,3/14/2018 3:52:21 PM,4.3,,,,
65,14-Mar-18,eztE1a3SRDTFBFR9G9Y3yw==,vq20lzyItQbwsYRbon9inw==,+vCD8kqWx0rqO+6MvfNSZA==,snevsHZq1Qk/qasKhwTrjQ==,yuOtuXbHx/x4DiseZsOR4g==,Activity,Sub Activity,Task,,3/14/2018 3:52:21 PM,3/14/2018 3:59:19 PM,6.97,,,,
66,14-Mar-18,iDLGelE+x5b0qB63iEpffA==,u+hHHgsk7vXxk+pEpY5n/Q==,+vCD8kqWx0rqO+6MvfNSZA==,snevsHZq1Qk/qasKhwTrjQ==,oFX4W+50tGaQWTDJ8JXpEw==,Cross Coding,Cross coding - Hard discounters treatment/support activities,Colruyt New + Change + Split,,14-03-2018 11:18:45,14-03-2018 16:03:57,191.78,,,,
67,14-Mar-18,iDLGelE+x5b0qB63iEpffA==,u+hHHgsk7vXxk+pEpY5n/Q==,+vCD8kqWx0rqO+6MvfNSZA==,snevsHZq1Qk/qasKhwTrjQ==,oFX4W+50tGaQWTDJ8JXpEw==,Cross Coding,Cross coding - Hard discounters treatment/support activities,Colruyt New + Change + Split,,14-03-2018 16:03:58,14-03-2018 16:04:03,0.07,,,,
68,14-Mar-18,iDLGelE+x5b0qB63iEpffA==,u+hHHgsk7vXxk+pEpY5n/Q==,+vCD8kqWx0rqO+6MvfNSZA==,snevsHZq1Qk/qasKhwTrjQ==,oFX4W+50tGaQWTDJ8JXpEw==,Activity,Sub Activity,Task,,14-03-2018 16:07:01,14-03-2018 16:08:11,1.17,,,,
69,14-Mar-18,eztE1a3SRDTFBFR9G9Y3yw==,vq20lzyItQbwsYRbon9inw==,+vCD8kqWx0rqO+6MvfNSZA==,snevsHZq1Qk/qasKhwTrjQ==,yuOtuXbHx/x4DiseZsOR4g==,Cross Coding,Cross coding - Other Retailers,Cross Coding to Standard Item,,3/14/2018 4:37:26 PM,3/14/2018 4:37:45 PM,0.32,,,,
70,14-Mar-18,eztE1a3SRDTFBFR9G9Y3yw==,vq20lzyItQbwsYRbon9inw==,+vCD8kqWx0rqO+6MvfNSZA==,snevsHZq1Qk/qasKhwTrjQ==,yuOtuXbHx/x4DiseZsOR4g==,Activity,Sub Activity,Task,,3/14/2018 3:59:19 PM,3/14/2018 4:51:01 PM,51.7,,,,
71,14-Mar-18,eztE1a3SRDTFBFR9G9Y3yw==,vq20lzyItQbwsYRbon9inw==,+vCD8kqWx0rqO+6MvfNSZA==,snevsHZq1Qk/qasKhwTrjQ==,yuOtuXbHx/x4DiseZsOR4g==,Activity,Sub Activity,Task,,3/14/2018 4:51:01 PM,3/14/2018 5:04:07 PM,13.1,,,,
72,14-Mar-18,iDLGelE+x5b0qB63iEpffA==,u+hHHgsk7vXxk+pEpY5n/Q==,+vCD8kqWx0rqO+6MvfNSZA==,snevsHZq1Qk/qasKhwTrjQ==,oFX4W+50tGaQWTDJ8JXpEw==,Cross Coding,Cross coding - Hard discounters treatment/support activities,Colruyt New + Change + Split,,14-03-2018 16:08:11,14-03-2018 17:18:44,70.31,,,,
73,14-Mar-18,iDLGelE+x5b0qB63iEpffA==,u+hHHgsk7vXxk+pEpY5n/Q==,+vCD8kqWx0rqO+6MvfNSZA==,snevsHZq1Qk/qasKhwTrjQ==,oFX4W+50tGaQWTDJ8JXpEw==,Projects/Adhoc Requst,Adhoc Project/Task,Ad hoc projects - Short Term/Feasiblity Study,,14-03-2018 17:18:44,14-03-2018 17:25:06,6.37,,,,
74,14-Mar-18,WzzOoD5iW8LNLWYNV7IiUA==,ckmT4R9WVWB26monU3MHNw==,+vCD8kqWx0rqO+6MvfNSZA==,snevsHZq1Qk/qasKhwTrjQ==,yuOtuXbHx/x4DiseZsOR4g==,Cross Coding,Cross coding - Other Retailers,Cross Coding to Consolidated/PGI/Uncodable,,14-Mar-18 10:53:10 AM,14-Mar-18 5:45:59 PM,379.48,,,,
75,14-Mar-18,SnfemQpuaa7NRov7sMlN1A==,T4tv8n9icJz201/URnYfyw==,+vCD8kqWx0rqO+6MvfNSZA==,snevsHZq1Qk/qasKhwTrjQ==,yuOtuXbHx/x4DiseZsOR4g==,Cross Coding,Cross coding - Other Retailers,Cross Coding to Consolidated/PGI/Uncodable,,14-03-2018 15:11:53,14-03-2018 17:47:50,101.72,,,,
76,14-Mar-18,eztE1a3SRDTFBFR9G9Y3yw==,vq20lzyItQbwsYRbon9inw==,+vCD8kqWx0rqO+6MvfNSZA==,snevsHZq1Qk/qasKhwTrjQ==,yuOtuXbHx/x4DiseZsOR4g==,Indirect activities,Documentation,Process Related Documentation - GC,,3/14/2018 5:52:41 PM,3/14/2018 5:52:59 PM,0.3,,,,
77,14-Mar-18,iDLGelE+x5b0qB63iEpffA==,u+hHHgsk7vXxk+pEpY5n/Q==,+vCD8kqWx0rqO+6MvfNSZA==,snevsHZq1Qk/qasKhwTrjQ==,oFX4W+50tGaQWTDJ8JXpEw==,Cross Coding,Cross coding - Hard discounters treatment/support activities,Auto + Manual Xcoding (Aldi / Lidl/Colruyt),,14-03-2018 17:25:06,14-03-2018 18:01:33,36.36,,,,
78,14-Mar-18,iDLGelE+x5b0qB63iEpffA==,u+hHHgsk7vXxk+pEpY5n/Q==,+vCD8kqWx0rqO+6MvfNSZA==,snevsHZq1Qk/qasKhwTrjQ==,oFX4W+50tGaQWTDJ8JXpEw==,Projects/Adhoc Requst,Adhoc Project/Task,Ad hoc projects - Short Term/Feasiblity Study,,14-03-2018 18:01:33,14-03-2018 18:07:29,5.92,,,,
79,14-Mar-18,iDLGelE+x5b0qB63iEpffA==,u+hHHgsk7vXxk+pEpY5n/Q==,+vCD8kqWx0rqO+6MvfNSZA==,snevsHZq1Qk/qasKhwTrjQ==,oFX4W+50tGaQWTDJ8JXpEw==,Cross Coding,Cross coding - Hard discounters treatment/support activities,DA file preparation & SIG feedback Xcodng - Colruyt,,14-03-2018 18:07:29,14-03-2018 18:22:03,14.55,,,,
80,14-Mar-18,iDLGelE+x5b0qB63iEpffA==,u+hHHgsk7vXxk+pEpY5n/Q==,+vCD8kqWx0rqO+6MvfNSZA==,snevsHZq1Qk/qasKhwTrjQ==,oFX4W+50tGaQWTDJ8JXpEw==,Indirect activities,Support activity,Allocation + File preparation,,14-03-2018 18:22:03,14-03-2018 18:38:56,16.88,,,,
81,14-Mar-18,WzzOoD5iW8LNLWYNV7IiUA==,ckmT4R9WVWB26monU3MHNw==,+vCD8kqWx0rqO+6MvfNSZA==,snevsHZq1Qk/qasKhwTrjQ==,yuOtuXbHx/x4DiseZsOR4g==,Cross Coding,Cross coding - Other Retailers,Cross Coding to Consolidated/PGI/Uncodable,,14-Mar-18 5:47:39 PM,14-Mar-18 6:45:49 PM,58.15,,,,
82,14-Mar-18,WzzOoD5iW8LNLWYNV7IiUA==,ckmT4R9WVWB26monU3MHNw==,+vCD8kqWx0rqO+6MvfNSZA==,snevsHZq1Qk/qasKhwTrjQ==,yuOtuXbHx/x4DiseZsOR4g==,Cross Coding,Cross coding - Other Retailers,Cross Coding to Consolidated/PGI/Uncodable,,14-Mar-18 5:47:39 PM,14-Mar-18 6:45:50 PM,58.18,,,,
83,14-Mar-18,eztE1a3SRDTFBFR9G9Y3yw==,vq20lzyItQbwsYRbon9inw==,+vCD8kqWx0rqO+6MvfNSZA==,snevsHZq1Qk/qasKhwTrjQ==,yuOtuXbHx/x4DiseZsOR4g==,Activity,Sub Activity,Task,,3/14/2018 4:51:01 PM,3/14/2018 6:47:35 PM,116.42,,,,
84,14-Mar-18,iDLGelE+x5b0qB63iEpffA==,u+hHHgsk7vXxk+pEpY5n/Q==,+vCD8kqWx0rqO+6MvfNSZA==,snevsHZq1Qk/qasKhwTrjQ==,oFX4W+50tGaQWTDJ8JXpEw==,Validation Activities,Cross coding validation,PG out validation,,14-03-2018 18:38:56,14-03-2018 18:48:26,9.48,,,,
85,14-Mar-18,iDLGelE+x5b0qB63iEpffA==,u+hHHgsk7vXxk+pEpY5n/Q==,+vCD8kqWx0rqO+6MvfNSZA==,snevsHZq1Qk/qasKhwTrjQ==,oFX4W+50tGaQWTDJ8JXpEw==,Issue Trak/CRT,CRT - OGRDS functionality Issue,Raised,,14-03-2018 18:48:26,14-03-2018 19:16:52,28.43,,,,
86,14-Mar-18,iDLGelE+x5b0qB63iEpffA==,u+hHHgsk7vXxk+pEpY5n/Q==,+vCD8kqWx0rqO+6MvfNSZA==,snevsHZq1Qk/qasKhwTrjQ==,oFX4W+50tGaQWTDJ8JXpEw==,Other BAU activities,Other Activities,Item Rejection Browser,,14-03-2018 19:16:52,14-03-2018 19:24:21,7.47,,,,
87,14-Mar-18,iDLGelE+x5b0qB63iEpffA==,u+hHHgsk7vXxk+pEpY5n/Q==,+vCD8kqWx0rqO+6MvfNSZA==,snevsHZq1Qk/qasKhwTrjQ==,oFX4W+50tGaQWTDJ8JXpEw==,Other BAU activities,Other Activities,Item Rejection Browser,,14-03-2018 19:16:52,14-03-2018 19:24:22,7.5,,,,
88,14-Mar-18,SnfemQpuaa7NRov7sMlN1A==,T4tv8n9icJz201/URnYfyw==,+vCD8kqWx0rqO+6MvfNSZA==,snevsHZq1Qk/qasKhwTrjQ==,yuOtuXbHx/x4DiseZsOR4g==,Cross Coding,Cross coding - Other Retailers,Cross Coding to Consolidated/PGI/Uncodable,,14-03-2018 17:50:29,14-03-2018 19:27:15,96.75,,,,
93,14-Mar-18,SnfemQpuaa7NRov7sMlN1A==,T4tv8n9icJz201/URnYfyw==,+vCD8kqWx0rqO+6MvfNSZA==,snevsHZq1Qk/qasKhwTrjQ==,yuOtuXbHx/x4DiseZsOR4g==,Issue Trak/CRT,Sales Force,Aloocation,,14-03-2018 19:27:15,14-03-2018 19:49:03,21.8,,,,
94,14-Mar-18,SnfemQpuaa7NRov7sMlN1A==,T4tv8n9icJz201/URnYfyw==,+vCD8kqWx0rqO+6MvfNSZA==,snevsHZq1Qk/qasKhwTrjQ==,yuOtuXbHx/x4DiseZsOR4g==,Issue Trak/CRT,Sales Force,Aloocation,,14-03-2018 19:27:15,14-03-2018 19:49:05,21.83,,,,
89,14-Mar-18,eztE1a3SRDTFBFR9G9Y3yw==,vq20lzyItQbwsYRbon9inw==,+vCD8kqWx0rqO+6MvfNSZA==,snevsHZq1Qk/qasKhwTrjQ==,yuOtuXbHx/x4DiseZsOR4g==,Other BAU activities,Other Activities,Item Rejection Browser,,3/14/2018 6:47:35 PM,3/14/2018 7:37:24 PM,30.84,,,,
90,14-Mar-18,eztE1a3SRDTFBFR9G9Y3yw==,vq20lzyItQbwsYRbon9inw==,+vCD8kqWx0rqO+6MvfNSZA==,snevsHZq1Qk/qasKhwTrjQ==,yuOtuXbHx/x4DiseZsOR4g==,Other BAU activities,Other Activities,Daily RR28 Report,,3/14/2018 7:37:24 PM,3/14/2018 7:39:41 PM,2.28,,,,
91,14-Mar-18,eztE1a3SRDTFBFR9G9Y3yw==,vq20lzyItQbwsYRbon9inw==,+vCD8kqWx0rqO+6MvfNSZA==,snevsHZq1Qk/qasKhwTrjQ==,yuOtuXbHx/x4DiseZsOR4g==,Other BAU activities,Other Activities,Daily RR28 Report,,3/14/2018 7:37:24 PM,3/14/2018 7:39:43 PM,2.3,,,,
92,14-Mar-18,eztE1a3SRDTFBFR9G9Y3yw==,vq20lzyItQbwsYRbon9inw==,+vCD8kqWx0rqO+6MvfNSZA==,snevsHZq1Qk/qasKhwTrjQ==,yuOtuXbHx/x4DiseZsOR4g==,Cross Coding,Cross coding - Other Retailers,Cross Coding to Standard Item,,3/14/2018 7:39:50 PM,3/14/2018 7:39:52 PM,0.03,,,,
95,14-Mar-18,BMXraUrJlWC7VDm9TGmr1g==,CGPRAHn2jx3zh/vsrZdSHA==,+vCD8kqWx0rqO+6MvfNSZA==,snevsHZq1Qk/qasKhwTrjQ==,oFX4W+50tGaQWTDJ8JXpEw==,Cross Coding,Cross coding - Hard discounters treatment/support activities,(Aldi + Lidl) Folder - casual,,3/14/2018 5:45:17 PM,3/14/2018 8:01:07 PM,135.7,,,,
96,14-Mar-18,BMXraUrJlWC7VDm9TGmr1g==,CGPRAHn2jx3zh/vsrZdSHA==,+vCD8kqWx0rqO+6MvfNSZA==,snevsHZq1Qk/qasKhwTrjQ==,oFX4W+50tGaQWTDJ8JXpEw==,Cross Coding,Cross coding - Hard discounters treatment/support activities,(Aldi + Lidl) Folder - casual,,3/14/2018 5:45:17 PM,3/14/2018 8:01:10 PM,135.75,,,,
97,14-Mar-18,eztE1a3SRDTFBFR9G9Y3yw==,vq20lzyItQbwsYRbon9inw==,+vCD8kqWx0rqO+6MvfNSZA==,snevsHZq1Qk/qasKhwTrjQ==,yuOtuXbHx/x4DiseZsOR4g==,Activity,Sub Activity,Task,,3/14/2018 10:07:52 PM,3/14/2018 10:18:54 PM,11.03,,,,
98,14-Mar-18,eztE1a3SRDTFBFR9G9Y3yw==,vq20lzyItQbwsYRbon9inw==,+vCD8kqWx0rqO+6MvfNSZA==,snevsHZq1Qk/qasKhwTrjQ==,yuOtuXbHx/x4DiseZsOR4g==,Indirect activities,Documentation,Process Related Documentation - GC,,3/14/2018 10:18:54 PM,3/14/2018 10:21:08 PM,2.23,,,,
99,14-Mar-18,eztE1a3SRDTFBFR9G9Y3yw==,vq20lzyItQbwsYRbon9inw==,+vCD8kqWx0rqO+6MvfNSZA==,snevsHZq1Qk/qasKhwTrjQ==,yuOtuXbHx/x4DiseZsOR4g==,Indirect activities,Documentation,Process Related Documentation - GC,,3/14/2018 10:18:54 PM,3/14/2018 10:21:09 PM,2.25,,,,
100,14-Mar-18,eztE1a3SRDTFBFR9G9Y3yw==,vq20lzyItQbwsYRbon9inw==,+vCD8kqWx0rqO+6MvfNSZA==,snevsHZq1Qk/qasKhwTrjQ==,yuOtuXbHx/x4DiseZsOR4g==,Issue Trak/CRT,CRT - OGRDS functionality Issue - GC,Raised,,3/14/2018 10:24:55 PM,3/14/2018 10:25:34 PM,0.63,,,,
101,14-Mar-18,eztE1a3SRDTFBFR9G9Y3yw==,vq20lzyItQbwsYRbon9inw==,+vCD8kqWx0rqO+6MvfNSZA==,snevsHZq1Qk/qasKhwTrjQ==,yuOtuXbHx/x4DiseZsOR4g==,Activity,Sub Activity,Task,,3/14/2018 10:24:55 PM,3/14/2018 10:37:10 PM,12.25,,,,
102,14-Mar-18,eztE1a3SRDTFBFR9G9Y3yw==,vq20lzyItQbwsYRbon9inw==,+vCD8kqWx0rqO+6MvfNSZA==,snevsHZq1Qk/qasKhwTrjQ==,yuOtuXbHx/x4DiseZsOR4g==,Activity,Sub Activity,Task,,3/14/2018 10:24:55 PM,3/14/2018 10:51:38 PM,26.72,,,,
103,15-Mar-18,iDLGelE+x5b0qB63iEpffA==,u+hHHgsk7vXxk+pEpY5n/Q==,+vCD8kqWx0rqO+6MvfNSZA==,snevsHZq1Qk/qasKhwTrjQ==,oFX4W+50tGaQWTDJ8JXpEw==,Indirect activities,Communication,Mail/IM/Phone Communication,,15-03-2018 09:20:51,15-03-2018 09:29:56,9.07,,,,
104,15-Mar-18,iDLGelE+x5b0qB63iEpffA==,u+hHHgsk7vXxk+pEpY5n/Q==,+vCD8kqWx0rqO+6MvfNSZA==,snevsHZq1Qk/qasKhwTrjQ==,oFX4W+50tGaQWTDJ8JXpEw==,Indirect activities,Support activity,Allocation + File preparation,,15-03-2018 09:29:56,15-03-2018 09:56:50,26.9,,,,
105,15-Mar-18,iDLGelE+x5b0qB63iEpffA==,u+hHHgsk7vXxk+pEpY5n/Q==,+vCD8kqWx0rqO+6MvfNSZA==,snevsHZq1Qk/qasKhwTrjQ==,oFX4W+50tGaQWTDJ8JXpEw==,NIMS/Image Management,Epic renaming,Epic renaming,,15-03-2018 09:56:50,15-03-2018 11:00:05,63.17,,,,
106,15-Mar-18,iDLGelE+x5b0qB63iEpffA==,u+hHHgsk7vXxk+pEpY5n/Q==,+vCD8kqWx0rqO+6MvfNSZA==,snevsHZq1Qk/qasKhwTrjQ==,oFX4W+50tGaQWTDJ8JXpEw==,TCS Internal activities,Other Meetings/Trainings,TCS internal Meeting/refresher training,,15-03-2018 11:00:05,15-03-2018 11:25:20,25.08,,,,
107,15-Mar-18,SnfemQpuaa7NRov7sMlN1A==,T4tv8n9icJz201/URnYfyw==,+vCD8kqWx0rqO+6MvfNSZA==,snevsHZq1Qk/qasKhwTrjQ==,yuOtuXbHx/x4DiseZsOR4g==,Issue Trak/CRT,Sales Force,Aloocation,,15-03-2018 11:05:27,15-03-2018 11:45:13,39.75,,,,
108,15-Mar-18,iDLGelE+x5b0qB63iEpffA==,u+hHHgsk7vXxk+pEpY5n/Q==,+vCD8kqWx0rqO+6MvfNSZA==,snevsHZq1Qk/qasKhwTrjQ==,oFX4W+50tGaQWTDJ8JXpEw==,Validation Activities,Cross coding validation,PG out validation,,15-03-2018 11:25:20,15-03-2018 12:01:24,36.07,,,,
109,15-Mar-18,eztE1a3SRDTFBFR9G9Y3yw==,vq20lzyItQbwsYRbon9inw==,+vCD8kqWx0rqO+6MvfNSZA==,snevsHZq1Qk/qasKhwTrjQ==,yuOtuXbHx/x4DiseZsOR4g==,NIMS/Image Management,Epic renaming,NIMS (Surgery/Shop Upload)/Global code Prefix,,3/15/2018 1:35:04 PM,3/15/2018 1:35:07 PM,0.03,,,,
110,15-Mar-18,eztE1a3SRDTFBFR9G9Y3yw==,vq20lzyItQbwsYRbon9inw==,+vCD8kqWx0rqO+6MvfNSZA==,snevsHZq1Qk/qasKhwTrjQ==,yuOtuXbHx/x4DiseZsOR4g==,NIMS/Image Management,Epic renaming,NIMS (Surgery/Shop Upload)/Global code Prefix,,3/15/2018 1:35:46 PM,3/15/2018 1:36:24 PM,0.63,,,,
111,15-Mar-18,eztE1a3SRDTFBFR9G9Y3yw==,vq20lzyItQbwsYRbon9inw==,+vCD8kqWx0rqO+6MvfNSZA==,snevsHZq1Qk/qasKhwTrjQ==,yuOtuXbHx/x4DiseZsOR4g==,NIMS/Image Management,Epic renaming,Epic renaming,,3/15/2018 1:36:28 PM,3/15/2018 1:37:49 PM,1.33,,,,
112,15-Mar-18,UCDt6wUeJV++DQKNAQccHA==,1n4/6W/avI8Z3F6aToseLA==,+vCD8kqWx0rqO+6MvfNSZA==,snevsHZq1Qk/qasKhwTrjQ==,oFX4W+50tGaQWTDJ8JXpEw==,Other BAU activities,Other Activities,Brand/BOI Alignment,,3/15/2018 1:49:48 PM,3/15/2018 1:52:00 PM,2.08,,,,
113,15-Mar-18,UCDt6wUeJV++DQKNAQccHA==,1n4/6W/avI8Z3F6aToseLA==,+vCD8kqWx0rqO+6MvfNSZA==,snevsHZq1Qk/qasKhwTrjQ==,oFX4W+50tGaQWTDJ8JXpEw==,Indirect activities,MIS/KPI,"MIS, MOM, Presentation preparation,KPI, /Any Tracker - GC",,3/15/2018 1:52:00 PM,3/15/2018 1:52:03 PM,0.03,,,,
114,15-Mar-18,iDLGelE+x5b0qB63iEpffA==,u+hHHgsk7vXxk+pEpY5n/Q==,+vCD8kqWx0rqO+6MvfNSZA==,snevsHZq1Qk/qasKhwTrjQ==,oFX4W+50tGaQWTDJ8JXpEw==,Projects/Adhoc Requst,Adhoc Project/Task,Ad hoc projects - Short Term/Feasiblity Study,,15-03-2018 12:01:25,15-03-2018 14:07:05,61.1,,,,
116,15-Mar-18,eztE1a3SRDTFBFR9G9Y3yw==,vq20lzyItQbwsYRbon9inw==,+vCD8kqWx0rqO+6MvfNSZA==,snevsHZq1Qk/qasKhwTrjQ==,yuOtuXbHx/x4DiseZsOR4g==,Other BAU activities,Other Activities,Catalog Checking & Item Updation,,3/15/2018 2:54:38 PM,3/15/2018 2:56:25 PM,1.77,,,,
117,15-Mar-18,eztE1a3SRDTFBFR9G9Y3yw==,vq20lzyItQbwsYRbon9inw==,+vCD8kqWx0rqO+6MvfNSZA==,snevsHZq1Qk/qasKhwTrjQ==,yuOtuXbHx/x4DiseZsOR4g==,Other BAU activities,Other Activities,Micro Publication,,3/15/2018 2:56:25 PM,3/15/2018 2:56:31 PM,0.1,,,,
115,15-Mar-18,eztE1a3SRDTFBFR9G9Y3yw==,vq20lzyItQbwsYRbon9inw==,+vCD8kqWx0rqO+6MvfNSZA==,snevsHZq1Qk/qasKhwTrjQ==,yuOtuXbHx/x4DiseZsOR4g==,INDIRECT ACTIVITIES,PRODUCTION & QUALITY OFFSHORING,RCA/QEM INPUT,,3/15/2018 2:54:33 PM,3/15/2018 2:54:38 PM,0.08,0,dasa,asdasd,
119,15-Mar-18,iDLGelE+x5b0qB63iEpffA==,u+hHHgsk7vXxk+pEpY5n/Q==,+vCD8kqWx0rqO+6MvfNSZA==,snevsHZq1Qk/qasKhwTrjQ==,oFX4W+50tGaQWTDJ8JXpEw==,Indirect activities,QualityBAU-RCA,QE/Rerun,,15-03-2018 14:07:05,15-03-2018 15:05:40,58.48,,,,
120,15-Mar-18,iDLGelE+x5b0qB63iEpffA==,u+hHHgsk7vXxk+pEpY5n/Q==,+vCD8kqWx0rqO+6MvfNSZA==,snevsHZq1Qk/qasKhwTrjQ==,oFX4W+50tGaQWTDJ8JXpEw==,Projects/Adhoc Requst,Adhoc Project/Task,Ad hoc projects - Short Term/Feasiblity Study,,15-03-2018 15:05:40,15-03-2018 16:29:29,83.68,,,,
121,15-Mar-18,iDLGelE+x5b0qB63iEpffA==,u+hHHgsk7vXxk+pEpY5n/Q==,+vCD8kqWx0rqO+6MvfNSZA==,snevsHZq1Qk/qasKhwTrjQ==,oFX4W+50tGaQWTDJ8JXpEw==,TCS Internal activities,Other Meetings/Trainings,TCS internal Meeting/refresher training,,15-03-2018 16:29:29,15-03-2018 17:01:09,31.65,,,,
122,15-Mar-18,iDLGelE+x5b0qB63iEpffA==,u+hHHgsk7vXxk+pEpY5n/Q==,+vCD8kqWx0rqO+6MvfNSZA==,snevsHZq1Qk/qasKhwTrjQ==,oFX4W+50tGaQWTDJ8JXpEw==,Validation Activities,Coding Validation,Internal validation,,15-03-2018 17:01:09,15-03-2018 19:41:23,112.26,,,,
123,15-Mar-18,iDLGelE+x5b0qB63iEpffA==,u+hHHgsk7vXxk+pEpY5n/Q==,+vCD8kqWx0rqO+6MvfNSZA==,snevsHZq1Qk/qasKhwTrjQ==,oFX4W+50tGaQWTDJ8JXpEw==,Validation Activities,Coding Validation,Internal validation,,15-03-2018 17:01:09,15-03-2018 19:41:25,112.3,,,,
124,15-Mar-18,WzzOoD5iW8LNLWYNV7IiUA==,ckmT4R9WVWB26monU3MHNw==,+vCD8kqWx0rqO+6MvfNSZA==,snevsHZq1Qk/qasKhwTrjQ==,yuOtuXbHx/x4DiseZsOR4g==,Coding,Epics,Primary - Dual Coding,,15-Mar-18 10:46:27 AM,15-Mar-18 8:23:30 PM,516.88,,,,
125,15-Mar-18,WzzOoD5iW8LNLWYNV7IiUA==,ckmT4R9WVWB26monU3MHNw==,+vCD8kqWx0rqO+6MvfNSZA==,snevsHZq1Qk/qasKhwTrjQ==,yuOtuXbHx/x4DiseZsOR4g==,Coding,Epics,Primary - Dual Coding,,15-Mar-18 10:46:27 AM,15-Mar-18 8:23:42 PM,517.1,,,,
127,15-Mar-18,SnfemQpuaa7NRov7sMlN1A==,T4tv8n9icJz201/URnYfyw==,+vCD8kqWx0rqO+6MvfNSZA==,snevsHZq1Qk/qasKhwTrjQ==,yuOtuXbHx/x4DiseZsOR4g==,Coding,Epics,Primary - Dual Coding,,15-03-2018 11:45:13,15-03-2018 20:24:49,463.23,,,,
128,16-Mar-18,iDLGelE+x5b0qB63iEpffA==,u+hHHgsk7vXxk+pEpY5n/Q==,+vCD8kqWx0rqO+6MvfNSZA==,snevsHZq1Qk/qasKhwTrjQ==,oFX4W+50tGaQWTDJ8JXpEw==,Indirect activities,Communication,Mail/IM/Phone Communication,,16-03-2018 09:25:29,16-03-2018 09:42:27,16.95,,,,
129,16-Mar-18,iDLGelE+x5b0qB63iEpffA==,u+hHHgsk7vXxk+pEpY5n/Q==,+vCD8kqWx0rqO+6MvfNSZA==,snevsHZq1Qk/qasKhwTrjQ==,oFX4W+50tGaQWTDJ8JXpEw==,Indirect activities,Support activity,Allocation + File preparation,,16-03-2018 09:42:27,16-03-2018 10:06:59,24.52,,,,
130,16-Mar-18,iDLGelE+x5b0qB63iEpffA==,u+hHHgsk7vXxk+pEpY5n/Q==,+vCD8kqWx0rqO+6MvfNSZA==,snevsHZq1Qk/qasKhwTrjQ==,oFX4W+50tGaQWTDJ8JXpEw==,Cross Coding,Cross coding - Hard discounters treatment/support activities,Auto + Manual Xcoding (Aldi / Lidl/Colruyt),,16-03-2018 10:06:59,16-03-2018 10:43:21,36.35,,,,
131,16-Mar-18,iDLGelE+x5b0qB63iEpffA==,u+hHHgsk7vXxk+pEpY5n/Q==,+vCD8kqWx0rqO+6MvfNSZA==,snevsHZq1Qk/qasKhwTrjQ==,oFX4W+50tGaQWTDJ8JXpEw==,Indirect activities,Documentation,Process Related Documentation,,16-03-2018 10:43:21,16-03-2018 11:00:32,17.17,,,,
132,16-Mar-18,SnfemQpuaa7NRov7sMlN1A==,T4tv8n9icJz201/URnYfyw==,+vCD8kqWx0rqO+6MvfNSZA==,snevsHZq1Qk/qasKhwTrjQ==,yuOtuXbHx/x4DiseZsOR4g==,Other BAU activities,Other Activities,PRB BROWSER,,16-03-2018 10:40:43,16-03-2018 11:24:25,42.45,,,,
133,16-Mar-18,iDLGelE+x5b0qB63iEpffA==,u+hHHgsk7vXxk+pEpY5n/Q==,+vCD8kqWx0rqO+6MvfNSZA==,snevsHZq1Qk/qasKhwTrjQ==,oFX4W+50tGaQWTDJ8JXpEw==,TCS Internal activities,Other Meetings/Trainings,TCS internal Meeting/refresher training,,16-03-2018 11:00:32,16-03-2018 11:26:57,26.34,,,,
134,16-Mar-18,eztE1a3SRDTFBFR9G9Y3yw==,vq20lzyItQbwsYRbon9inw==,+vCD8kqWx0rqO+6MvfNSZA==,snevsHZq1Qk/qasKhwTrjQ==,yuOtuXbHx/x4DiseZsOR4g==,Cross Coding,Cross coding - Other Retailers,Cross Coding to Standard Item,,3/16/2018 11:39:36 AM,3/16/2018 11:40:35 AM,0.97,,,,
135,16-Mar-18,eztE1a3SRDTFBFR9G9Y3yw==,vq20lzyItQbwsYRbon9inw==,+vCD8kqWx0rqO+6MvfNSZA==,snevsHZq1Qk/qasKhwTrjQ==,yuOtuXbHx/x4DiseZsOR4g==,Coding,Epics,Primary - Dual Coding,,3/16/2018 12:08:15 PM,3/16/2018 12:08:38 PM,0.37,,,,
136,16-Mar-18,eztE1a3SRDTFBFR9G9Y3yw==,vq20lzyItQbwsYRbon9inw==,+vCD8kqWx0rqO+6MvfNSZA==,snevsHZq1Qk/qasKhwTrjQ==,yuOtuXbHx/x4DiseZsOR4g==,Issue Trak/CRT,CRT - Process,Resolved (Analysis + Correction/Enhancement),,3/16/2018 12:10:14 PM,3/16/2018 12:10:21 PM,0.1,,,,
137,16-Mar-18,eztE1a3SRDTFBFR9G9Y3yw==,vq20lzyItQbwsYRbon9inw==,+vCD8kqWx0rqO+6MvfNSZA==,snevsHZq1Qk/qasKhwTrjQ==,yuOtuXbHx/x4DiseZsOR4g==,Issue Trak/CRT,CRT - Process,Resolved (Analysis + Correction/Enhancement),,3/16/2018 12:10:14 PM,3/16/2018 12:10:28 PM,0.22,,,,
138,16-Mar-18,eztE1a3SRDTFBFR9G9Y3yw==,vq20lzyItQbwsYRbon9inw==,+vCD8kqWx0rqO+6MvfNSZA==,snevsHZq1Qk/qasKhwTrjQ==,yuOtuXbHx/x4DiseZsOR4g==,INDIRECT ACTIVITIES,PRODUCTION & QUALITY OFFSHORING,RCA/QEM INPUT,,3/16/2018 12:14:09 PM,3/16/2018 12:15:21 PM,1.2,,,,
139,16-Mar-18,eztE1a3SRDTFBFR9G9Y3yw==,vq20lzyItQbwsYRbon9inw==,+vCD8kqWx0rqO+6MvfNSZA==,snevsHZq1Qk/qasKhwTrjQ==,yuOtuXbHx/x4DiseZsOR4g==,Issue Trak/CRT,CRT - Process,Raised,,3/16/2018 12:16:52 PM,3/16/2018 12:17:08 PM,0.27,,,,
140,16-Mar-18,eztE1a3SRDTFBFR9G9Y3yw==,vq20lzyItQbwsYRbon9inw==,+vCD8kqWx0rqO+6MvfNSZA==,snevsHZq1Qk/qasKhwTrjQ==,yuOtuXbHx/x4DiseZsOR4g==,Indirect activities,Documentation,Process Related Documentation - GC,,3/16/2018 12:18:00 PM,3/16/2018 12:18:12 PM,0.2,,,,
141,16-Mar-18,eztE1a3SRDTFBFR9G9Y3yw==,vq20lzyItQbwsYRbon9inw==,+vCD8kqWx0rqO+6MvfNSZA==,snevsHZq1Qk/qasKhwTrjQ==,yuOtuXbHx/x4DiseZsOR4g==,Indirect activities,Communication,Mail/IM/Phone Communication - GC,,3/16/2018 12:24:26 PM,3/16/2018 12:24:37 PM,0.17,,,,
142,16-Mar-18,SnfemQpuaa7NRov7sMlN1A==,T4tv8n9icJz201/URnYfyw==,+vCD8kqWx0rqO+6MvfNSZA==,snevsHZq1Qk/qasKhwTrjQ==,yuOtuXbHx/x4DiseZsOR4g==,Issue Trak/CRT,Sales Force,Aloocation,,16-03-2018 11:24:26,16-03-2018 12:27:13,62.78,,,,
143,16-Mar-18,SnfemQpuaa7NRov7sMlN1A==,T4tv8n9icJz201/URnYfyw==,+vCD8kqWx0rqO+6MvfNSZA==,snevsHZq1Qk/qasKhwTrjQ==,yuOtuXbHx/x4DiseZsOR4g==,Issue Trak/CRT,Sales Force,Aloocation,,16-03-2018 11:24:26,16-03-2018 12:27:20,62.9,,,,
144,16-Mar-18,WzzOoD5iW8LNLWYNV7IiUA==,ckmT4R9WVWB26monU3MHNw==,+vCD8kqWx0rqO+6MvfNSZA==,snevsHZq1Qk/qasKhwTrjQ==,yuOtuXbHx/x4DiseZsOR4g==,Coding,Epics,Primary - Dual Coding,,16-Mar-18 11:13:31 AM,16-Mar-18 12:28:06 PM,74.58,,,,
145,16-Mar-18,WzzOoD5iW8LNLWYNV7IiUA==,ckmT4R9WVWB26monU3MHNw==,+vCD8kqWx0rqO+6MvfNSZA==,snevsHZq1Qk/qasKhwTrjQ==,yuOtuXbHx/x4DiseZsOR4g==,Coding,Epics,Primary - Dual Coding,,16-Mar-18 11:13:31 AM,16-Mar-18 12:28:07 PM,74.6,,,,
146,16-Mar-18,WzzOoD5iW8LNLWYNV7IiUA==,ckmT4R9WVWB26monU3MHNw==,+vCD8kqWx0rqO+6MvfNSZA==,snevsHZq1Qk/qasKhwTrjQ==,yuOtuXbHx/x4DiseZsOR4g==,Coding,Epics,Primary - Dual Coding,,16-Mar-18 12:31:05 PM,16-Mar-18 12:33:02 PM,1.95,,,,
147,16-Mar-18,WzzOoD5iW8LNLWYNV7IiUA==,ckmT4R9WVWB26monU3MHNw==,+vCD8kqWx0rqO+6MvfNSZA==,snevsHZq1Qk/qasKhwTrjQ==,yuOtuXbHx/x4DiseZsOR4g==,Value management,Value management.,"Proposals (Validation & Management, work on item rejection)",,16-Mar-18 12:33:02 PM,16-Mar-18 12:33:14 PM,0.2,,,,
148,16-Mar-18,iDLGelE+x5b0qB63iEpffA==,u+hHHgsk7vXxk+pEpY5n/Q==,+vCD8kqWx0rqO+6MvfNSZA==,snevsHZq1Qk/qasKhwTrjQ==,oFX4W+50tGaQWTDJ8JXpEw==,Indirect activities,Support activity,Desk sits,,16-03-2018 11:26:57,16-03-2018 12:36:41,69.49,,,,
149,16-Mar-18,BMXraUrJlWC7VDm9TGmr1g==,CGPRAHn2jx3zh/vsrZdSHA==,+vCD8kqWx0rqO+6MvfNSZA==,snevsHZq1Qk/qasKhwTrjQ==,oFX4W+50tGaQWTDJ8JXpEw==,Cross Coding,Cross coding - Hard discounters treatment/support activities,DA file preparation & Checks for clean list - Aldi/Lidl,,3/16/2018 12:29:03 PM,3/16/2018 12:38:42 PM,9.65,,,,
150,16-Mar-18,BMXraUrJlWC7VDm9TGmr1g==,CGPRAHn2jx3zh/vsrZdSHA==,+vCD8kqWx0rqO+6MvfNSZA==,snevsHZq1Qk/qasKhwTrjQ==,oFX4W+50tGaQWTDJ8JXpEw==,Cross Coding,Cross coding - Hard discounters treatment/support activities,DA file preparation & Checks for clean list - Aldi/Lidl,,3/16/2018 12:38:42 PM,3/16/2018 12:38:50 PM,0.12,,,,
151,16-Mar-18,BMXraUrJlWC7VDm9TGmr1g==,CGPRAHn2jx3zh/vsrZdSHA==,+vCD8kqWx0rqO+6MvfNSZA==,snevsHZq1Qk/qasKhwTrjQ==,oFX4W+50tGaQWTDJ8JXpEw==,Cross Coding,Cross coding - Hard discounters treatment/support activities,DA file preparation & Checks for clean list - Aldi/Lidl,,3/16/2018 12:38:42 PM,3/16/2018 12:38:51 PM,0.15,,,,
152,16-Mar-18,iDLGelE+x5b0qB63iEpffA==,u+hHHgsk7vXxk+pEpY5n/Q==,+vCD8kqWx0rqO+6MvfNSZA==,snevsHZq1Qk/qasKhwTrjQ==,oFX4W+50tGaQWTDJ8JXpEw==,Indirect activities,Documentation,Process Related Documentation,,16-03-2018 12:36:41,16-03-2018 12:40:48,4.12,,,,
153,16-Mar-18,iDLGelE+x5b0qB63iEpffA==,u+hHHgsk7vXxk+pEpY5n/Q==,+vCD8kqWx0rqO+6MvfNSZA==,snevsHZq1Qk/qasKhwTrjQ==,oFX4W+50tGaQWTDJ8JXpEw==,Indirect activities,Documentation,Process Related Documentation,,16-03-2018 12:40:48,16-03-2018 12:40:50,0.03,,,,
154,16-Mar-18,eztE1a3SRDTFBFR9G9Y3yw==,vq20lzyItQbwsYRbon9inw==,+vCD8kqWx0rqO+6MvfNSZA==,snevsHZq1Qk/qasKhwTrjQ==,yuOtuXbHx/x4DiseZsOR4g==,Indirect activities,Documentation,Process Related Documentation - GC,,3/16/2018 1:25:29 PM,3/16/2018 1:25:33 PM,0.05,,,,
155,16-Mar-18,eztE1a3SRDTFBFR9G9Y3yw==,vq20lzyItQbwsYRbon9inw==,+vCD8kqWx0rqO+6MvfNSZA==,snevsHZq1Qk/qasKhwTrjQ==,yuOtuXbHx/x4DiseZsOR4g==,Indirect activities,Calls/Meeting,DOT Call,,3/16/2018 1:26:49 PM,3/16/2018 1:35:23 PM,8.55,,,,
156,16-Mar-18,eztE1a3SRDTFBFR9G9Y3yw==,vq20lzyItQbwsYRbon9inw==,+vCD8kqWx0rqO+6MvfNSZA==,snevsHZq1Qk/qasKhwTrjQ==,yuOtuXbHx/x4DiseZsOR4g==,INDIRECT ACTIVITIES,PRODUCTION & QUALITY OFFSHORING,RCA/QEM INPUT,,3/16/2018 1:47:49 PM,3/16/2018 1:48:01 PM,0.18,,,,
157,16-Mar-18,iDLGelE+x5b0qB63iEpffA==,u+hHHgsk7vXxk+pEpY5n/Q==,+vCD8kqWx0rqO+6MvfNSZA==,snevsHZq1Qk/qasKhwTrjQ==,oFX4W+50tGaQWTDJ8JXpEw==,Indirect activities,Documentation,Process Related Documentation,,16-03-2018 12:44:18,16-03-2018 14:11:00,27.72,,,,
158,16-Mar-18,eztE1a3SRDTFBFR9G9Y3yw==,vq20lzyItQbwsYRbon9inw==,+vCD8kqWx0rqO+6MvfNSZA==,snevsHZq1Qk/qasKhwTrjQ==,yuOtuXbHx/x4DiseZsOR4g==,Cross Coding,Cross coding - Other Retailers,Cross Coding to Standard Item,,3/16/2018 2:24:41 PM,3/16/2018 2:24:43 PM,0.02,,,,
159,16-Mar-18,eztE1a3SRDTFBFR9G9Y3yw==,vq20lzyItQbwsYRbon9inw==,+vCD8kqWx0rqO+6MvfNSZA==,snevsHZq1Qk/qasKhwTrjQ==,yuOtuXbHx/x4DiseZsOR4g==,Cross Coding,Cross coding - Other Retailers,Cross Coding to Standard Item,,3/16/2018 2:24:43 PM,3/16/2018 2:25:42 PM,0.98,,,,
160,16-Mar-18,eztE1a3SRDTFBFR9G9Y3yw==,vq20lzyItQbwsYRbon9inw==,+vCD8kqWx0rqO+6MvfNSZA==,snevsHZq1Qk/qasKhwTrjQ==,yuOtuXbHx/x4DiseZsOR4g==,Coding,New Product Launch/New Buisness/CRT/Issue trak/Clinet Supply/Auftrag/cetalog/Rechar/eFeature Cant find Coding,Primary - Dual Coding,,3/16/2018 2:25:42 PM,3/16/2018 2:25:46 PM,0.05,,,,
161,16-Mar-18,eztE1a3SRDTFBFR9G9Y3yw==,vq20lzyItQbwsYRbon9inw==,+vCD8kqWx0rqO+6MvfNSZA==,snevsHZq1Qk/qasKhwTrjQ==,yuOtuXbHx/x4DiseZsOR4g==,Coding,New Product Launch/New Buisness/CRT/Issue trak/Clinet Supply/Auftrag/cetalog/Rechar/eFeature Cant find Coding,Post Coding Task,,3/16/2018 2:25:46 PM,3/16/2018 2:25:49 PM,0.05,,,,
162,16-Mar-18,eztE1a3SRDTFBFR9G9Y3yw==,vq20lzyItQbwsYRbon9inw==,+vCD8kqWx0rqO+6MvfNSZA==,snevsHZq1Qk/qasKhwTrjQ==,yuOtuXbHx/x4DiseZsOR4g==,Issue Trak/CRT,CRT - Process - GC,Resolved (Analysis + Correction),,3/16/2018 2:42:54 PM,3/16/2018 2:44:40 PM,0.34,,,,
163,16-Mar-18,eztE1a3SRDTFBFR9G9Y3yw==,vq20lzyItQbwsYRbon9inw==,+vCD8kqWx0rqO+6MvfNSZA==,snevsHZq1Qk/qasKhwTrjQ==,yuOtuXbHx/x4DiseZsOR4g==,Issue Trak/CRT,CRT - Process - GC,Resolved (Analysis + Correction),,3/16/2018 2:44:40 PM,3/16/2018 2:45:00 PM,0.32,,,,
164,16-Mar-18,WzzOoD5iW8LNLWYNV7IiUA==,ckmT4R9WVWB26monU3MHNw==,+vCD8kqWx0rqO+6MvfNSZA==,snevsHZq1Qk/qasKhwTrjQ==,yuOtuXbHx/x4DiseZsOR4g==,Coding,Epics,Primary - Dual Coding,,16-Mar-18 12:33:14 PM,16-Mar-18 3:15:13 PM,125.73,,,,
165,16-Mar-18,iDLGelE+x5b0qB63iEpffA==,u+hHHgsk7vXxk+pEpY5n/Q==,+vCD8kqWx0rqO+6MvfNSZA==,snevsHZq1Qk/qasKhwTrjQ==,oFX4W+50tGaQWTDJ8JXpEw==,Projects/Adhoc Requst,Adhoc Project/Task,Ad hoc projects - Short Term/Feasiblity Study,,16-03-2018 14:11:00,16-03-2018 15:46:43,95.7,,,,
166,16-Mar-18,eztE1a3SRDTFBFR9G9Y3yw==,vq20lzyItQbwsYRbon9inw==,+vCD8kqWx0rqO+6MvfNSZA==,snevsHZq1Qk/qasKhwTrjQ==,yuOtuXbHx/x4DiseZsOR4g==,NIMS/Image Management,Epic renaming,Epic renaming,,3/16/2018 3:54:01 PM,3/16/2018 3:54:22 PM,0.33,,,,
167,16-Mar-18,eztE1a3SRDTFBFR9G9Y3yw==,vq20lzyItQbwsYRbon9inw==,+vCD8kqWx0rqO+6MvfNSZA==,snevsHZq1Qk/qasKhwTrjQ==,yuOtuXbHx/x4DiseZsOR4g==,Cross Coding,Cross coding - Hard discounters,Cross Coding to Standard Item,,3/16/2018 3:58:16 PM,3/16/2018 3:58:30 PM,0.22,0,"","",System
168,16-Mar-18,eztE1a3SRDTFBFR9G9Y3yw==,vq20lzyItQbwsYRbon9inw==,+vCD8kqWx0rqO+6MvfNSZA==,snevsHZq1Qk/qasKhwTrjQ==,yuOtuXbHx/x4DiseZsOR4g==,Cross Coding,Cross coding - Hard discounters,Cross Coding to Standard Item,,3/16/2018 3:58:37 PM,3/16/2018 3:58:49 PM,0.2,0,asdasd,asdasdasd,System
169,16-Mar-18,eztE1a3SRDTFBFR9G9Y3yw==,vq20lzyItQbwsYRbon9inw==,+vCD8kqWx0rqO+6MvfNSZA==,snevsHZq1Qk/qasKhwTrjQ==,yuOtuXbHx/x4DiseZsOR4g==,NIMS/Image Management,Epic renaming,E-PICS REPORT (validation /missing item),,3/16/2018 4:07:51 PM,3/16/2018 4:10:24 PM,2.53,23,2323,dgdgdfgdf,System
170,16-Mar-18,eztE1a3SRDTFBFR9G9Y3yw==,vq20lzyItQbwsYRbon9inw==,+vCD8kqWx0rqO+6MvfNSZA==,snevsHZq1Qk/qasKhwTrjQ==,yuOtuXbHx/x4DiseZsOR4g==,Indirect activities,Documentation,Process Related Documentation - GC,,3/16/2018 4:10:24 PM,3/16/2018 4:27:33 PM,1.03,0,"","",System
171,16-Mar-18,eztE1a3SRDTFBFR9G9Y3yw==,vq20lzyItQbwsYRbon9inw==,+vCD8kqWx0rqO+6MvfNSZA==,snevsHZq1Qk/qasKhwTrjQ==,yuOtuXbHx/x4DiseZsOR4g==,Indirect activities,Documentation,Process Related Documentation,,3/16/2018 4:27:33 PM,3/16/2018 4:27:48 PM,0.23,0,"","",System
172,16-Mar-18,eztE1a3SRDTFBFR9G9Y3yw==,vq20lzyItQbwsYRbon9inw==,+vCD8kqWx0rqO+6MvfNSZA==,snevsHZq1Qk/qasKhwTrjQ==,yuOtuXbHx/x4DiseZsOR4g==,Coding,BB,Banded pack (Parent+Child),,3/16/2018 4:27:48 PM,3/16/2018 4:27:50 PM,0.03,0,"","",System
173,16-Mar-18,eztE1a3SRDTFBFR9G9Y3yw==,vq20lzyItQbwsYRbon9inw==,+vCD8kqWx0rqO+6MvfNSZA==,snevsHZq1Qk/qasKhwTrjQ==,yuOtuXbHx/x4DiseZsOR4g==,Coding,BB,Primary - Local,,3/16/2018 4:27:50 PM,3/16/2018 4:27:58 PM,0.13,0,"","",System
174,16-Mar-18,eztE1a3SRDTFBFR9G9Y3yw==,vq20lzyItQbwsYRbon9inw==,+vCD8kqWx0rqO+6MvfNSZA==,snevsHZq1Qk/qasKhwTrjQ==,yuOtuXbHx/x4DiseZsOR4g==,Coding,Epics,Banded pack (Parent+Child),,3/16/2018 4:27:58 PM,3/16/2018 4:28:21 PM,0.35,0,y,hhh,System
175,16-Mar-18,iDLGelE+x5b0qB63iEpffA==,u+hHHgsk7vXxk+pEpY5n/Q==,+vCD8kqWx0rqO+6MvfNSZA==,snevsHZq1Qk/qasKhwTrjQ==,oFX4W+50tGaQWTDJ8JXpEw==,Cross Coding,Cross coding - Hard discounters treatment/support activities,Auto + Manual Xcoding (Aldi / Lidl/Colruyt),,16-03-2018 15:46:44,16-03-2018 18:01:12,90.32,,,,
118,15-Mar-18,eztE1a3SRDTFBFR9G9Y3yw==,vq20lzyItQbwsYRbon9inw==,+vCD8kqWx0rqO+6MvfNSZA==,snevsHZq1Qk/qasKhwTrjQ==,yuOtuXbHx/x4DiseZsOR4g==,Coding,Epics,Banded pack (Parent+Child),,3/15/2018 2:56:31 PM,3/15/2018 2:56:48 PM,0.28,0,asdasd,asdasdasdd,
176,16-Mar-18,BMXraUrJlWC7VDm9TGmr1g==,CGPRAHn2jx3zh/vsrZdSHA==,+vCD8kqWx0rqO+6MvfNSZA==,snevsHZq1Qk/qasKhwTrjQ==,oFX4W+50tGaQWTDJ8JXpEw==,Cross Coding,Cross coding - Hard discounters treatment/support activities,DA file preparation & Checks for clean list - Aldi/Lidl,,3/16/2018 12:40:04 PM,3/16/2018 7:24:47 PM,318.76,,,,
177,16-Mar-18,iDLGelE+x5b0qB63iEpffA==,u+hHHgsk7vXxk+pEpY5n/Q==,+vCD8kqWx0rqO+6MvfNSZA==,snevsHZq1Qk/qasKhwTrjQ==,oFX4W+50tGaQWTDJ8JXpEw==,Indirect activities,Documentation,Process Related Documentation,,16-03-2018 18:01:12,16-03-2018 19:43:01,101.69,,,,
178,16-Mar-18,SnfemQpuaa7NRov7sMlN1A==,T4tv8n9icJz201/URnYfyw==,+vCD8kqWx0rqO+6MvfNSZA==,snevsHZq1Qk/qasKhwTrjQ==,yuOtuXbHx/x4DiseZsOR4g==,Coding,Epics,Primary - Dual Coding,,16-03-2018 14:36:39,16-03-2018 20:21:08,344.25,,,,
179,17-Mar-18,iDLGelE+x5b0qB63iEpffA==,u+hHHgsk7vXxk+pEpY5n/Q==,+vCD8kqWx0rqO+6MvfNSZA==,snevsHZq1Qk/qasKhwTrjQ==,oFX4W+50tGaQWTDJ8JXpEw==,Indirect activities,Documentation,Process Related Documentation,,17-03-2018 11:24:45,17-03-2018 13:20:10,115.35,,,,
